market_l5,product_l3_desc,revenue_recognition_date,day_sales_usd,is_holiday,series_id,day_name,is_billing_day
Narnia,LensLogic,2021-01-01,734018.5182179059,False,Narnia_LensLogic,Friday,True
Narnia,LensLogic,2021-01-08,501565.7848335171,False,Narnia_LensLogic,Friday,True
Narnia,LensLogic,2021-01-15,738392.72930053,False,Narnia_LensLogic,Friday,True
Narnia,LensLogic,2021-01-22,638982.1250246601,False,Narnia_LensLogic,Friday,True
Narnia,LensLogic,2021-01-29,605403.1243548224,False,Narnia_LensLogic,Friday,True
Narnia,LensLogic,2021-02-05,674072.1623742646,False,Narnia_LensLogic,Friday,True
Narnia,LensLogic,2021-02-12,733676.3863814973,False,Narnia_LensLogic,Friday,True
Narnia,LensLogic,2021-02-19,712646.324219511,False,Narnia_LensLogic,Friday,True
Narnia,LensLogic,2021-02-26,607797.0193722849,False,Narnia_LensLogic,Friday,True
Narnia,LensLogic,2021-03-05,722410.489291879,False,Narnia_LensLogic,Friday,True
Narnia,LensLogic,2021-03-12,898839.6657448978,False,Narnia_LensLogic,Friday,True
Narnia,LensLogic,2021-03-19,934479.9009924243,False,Narnia_LensLogic,Friday,True
Narnia,LensLogic,2021-03-26,794917.5321679353,False,Narnia_LensLogic,Friday,True
Narnia,LensLogic,2021-04-02,437320.1757323406,False,Narnia_LensLogic,Friday,True
Narnia,LensLogic,2021-04-09,835783.135761802,False,Narnia_LensLogic,Friday,True
Narnia,LensLogic,2021-04-16,917841.4601355538,False,Narnia_LensLogic,Friday,True
Narnia,LensLogic,2021-04-23,789590.0324731524,False,Narnia_LensLogic,Friday,True
Narnia,LensLogic,2021-04-30,970602.4232373736,False,Narnia_LensLogic,Friday,True
Narnia,LensLogic,2021-05-07,745695.6138529764,False,Narnia_LensLogic,Friday,True
Narnia,LensLogic,2021-05-14,791218.8549471952,False,Narnia_LensLogic,Friday,True
Narnia,LensLogic,2021-05-21,992491.4664669042,False,Narnia_LensLogic,Friday,True
Narnia,LensLogic,2021-05-28,1063427.368569672,False,Narnia_LensLogic,Friday,True
Narnia,LensLogic,2021-06-04,744076.0239237465,False,Narnia_LensLogic,Friday,True
Narnia,LensLogic,2021-06-11,940112.7803551556,False,Narnia_LensLogic,Friday,True
Narnia,LensLogic,2021-06-18,878729.1649054843,False,Narnia_LensLogic,Friday,True
Narnia,LensLogic,2021-06-25,802156.0987183751,False,Narnia_LensLogic,Friday,True
Narnia,LensLogic,2021-07-02,747498.1433434255,False,Narnia_LensLogic,Friday,True
Narnia,LensLogic,2021-07-09,598550.5961065684,False,Narnia_LensLogic,Friday,True
Narnia,LensLogic,2021-07-16,697443.7607354765,False,Narnia_LensLogic,Friday,True
Narnia,LensLogic,2021-07-23,812173.9849929949,False,Narnia_LensLogic,Friday,True
Narnia,LensLogic,2021-07-30,681353.6087444163,False,Narnia_LensLogic,Friday,True
Narnia,LensLogic,2021-08-06,427697.71784150327,False,Narnia_LensLogic,Friday,True
Narnia,LensLogic,2021-08-13,413267.42669232906,False,Narnia_LensLogic,Friday,True
Narnia,LensLogic,2021-08-20,499646.7409115627,False,Narnia_LensLogic,Friday,True
Narnia,LensLogic,2021-08-27,629438.8107509773,False,Narnia_LensLogic,Friday,True
Narnia,LensLogic,2021-09-03,709762.3340408728,False,Narnia_LensLogic,Friday,True
Narnia,LensLogic,2021-09-10,930799.5178350124,False,Narnia_LensLogic,Friday,True
Narnia,LensLogic,2021-09-17,860192.6679994096,False,Narnia_LensLogic,Friday,True
Narnia,LensLogic,2021-09-24,1237688.8176075155,False,Narnia_LensLogic,Friday,True
Narnia,LensLogic,2021-10-01,1178511.3159841038,False,Narnia_LensLogic,Friday,True
Narnia,LensLogic,2021-10-08,859518.6859658965,False,Narnia_LensLogic,Friday,True
Narnia,LensLogic,2021-10-15,1150420.8450881543,False,Narnia_LensLogic,Friday,True
Narnia,LensLogic,2021-10-22,984787.7758631654,False,Narnia_LensLogic,Friday,True
Narnia,LensLogic,2021-10-29,990319.7362345174,False,Narnia_LensLogic,Friday,True
Narnia,LensLogic,2021-11-05,782041.5273328121,False,Narnia_LensLogic,Friday,True
Narnia,LensLogic,2021-11-12,814479.9248799218,False,Narnia_LensLogic,Friday,True
Narnia,LensLogic,2021-11-19,967291.7444543716,False,Narnia_LensLogic,Friday,True
Narnia,LensLogic,2021-11-26,874135.2295514672,False,Narnia_LensLogic,Friday,True
Narnia,LensLogic,2021-12-03,1137711.0443920398,False,Narnia_LensLogic,Friday,True
Narnia,LensLogic,2021-12-10,786512.904906623,False,Narnia_LensLogic,Friday,True
Narnia,LensLogic,2021-12-17,1391208.703218842,False,Narnia_LensLogic,Friday,True
Narnia,LensLogic,2021-12-24,374473.3393774697,False,Narnia_LensLogic,Friday,True
Narnia,LensLogic,2021-12-31,144920.47726592916,False,Narnia_LensLogic,Friday,True
Narnia,LensLogic,2022-01-07,535756.22,False,Narnia_LensLogic,Friday,True
Narnia,LensLogic,2022-01-14,819365.6,False,Narnia_LensLogic,Friday,True
Narnia,LensLogic,2022-01-21,739464.98,False,Narnia_LensLogic,Friday,True
Narnia,LensLogic,2022-01-28,938398.3,False,Narnia_LensLogic,Friday,True
Narnia,LensLogic,2022-02-04,927966.97,False,Narnia_LensLogic,Friday,True
Narnia,LensLogic,2022-02-11,861856.0,False,Narnia_LensLogic,Friday,True
Narnia,LensLogic,2022-02-18,1150825.45,False,Narnia_LensLogic,Friday,True
Narnia,LensLogic,2022-02-25,1200307.75,False,Narnia_LensLogic,Friday,True
Narnia,LensLogic,2022-03-04,1337068.61,False,Narnia_LensLogic,Friday,True
Narnia,LensLogic,2022-03-11,1157070.42,False,Narnia_LensLogic,Friday,True
Narnia,LensLogic,2022-03-18,1373714.88,False,Narnia_LensLogic,Friday,True
Narnia,LensLogic,2022-03-25,1561881.8,False,Narnia_LensLogic,Friday,True
Narnia,LensLogic,2022-04-01,1464394.29,False,Narnia_LensLogic,Friday,True
Narnia,LensLogic,2022-04-08,1007826.55,False,Narnia_LensLogic,Friday,True
Narnia,LensLogic,2022-04-15,569305.04,False,Narnia_LensLogic,Friday,True
Narnia,LensLogic,2022-04-22,769246.72,False,Narnia_LensLogic,Friday,True
Narnia,LensLogic,2022-04-29,2492626.69,False,Narnia_LensLogic,Friday,True
Narnia,LensLogic,2022-05-06,830133.98,False,Narnia_LensLogic,Friday,True
Narnia,LensLogic,2022-05-13,999590.35,False,Narnia_LensLogic,Friday,True
Narnia,LensLogic,2022-05-20,1182947.61,False,Narnia_LensLogic,Friday,True
Narnia,LensLogic,2022-05-27,1043608.52,False,Narnia_LensLogic,Friday,True
Narnia,LensLogic,2022-06-03,1257357.02,False,Narnia_LensLogic,Friday,True
Narnia,LensLogic,2022-06-10,1242211.04,False,Narnia_LensLogic,Friday,True
Narnia,LensLogic,2022-06-17,1086012.77,False,Narnia_LensLogic,Friday,True
Narnia,LensLogic,2022-06-24,960366.77,False,Narnia_LensLogic,Friday,True
Narnia,LensLogic,2022-07-01,212359.16,False,Narnia_LensLogic,Friday,True
Narnia,LensLogic,2022-07-08,871467.77,False,Narnia_LensLogic,Friday,True
Narnia,LensLogic,2022-07-15,859255.91,False,Narnia_LensLogic,Friday,True
Narnia,LensLogic,2022-07-22,813803.31,False,Narnia_LensLogic,Friday,True
Narnia,LensLogic,2022-07-29,911397.01,False,Narnia_LensLogic,Friday,True
Narnia,LensLogic,2022-08-05,687135.59,False,Narnia_LensLogic,Friday,True
Narnia,LensLogic,2022-08-12,533199.33,False,Narnia_LensLogic,Friday,True
Narnia,LensLogic,2022-08-19,740449.87,False,Narnia_LensLogic,Friday,True
Narnia,LensLogic,2022-08-26,1006519.76,False,Narnia_LensLogic,Friday,True
Narnia,LensLogic,2022-09-02,872049.72,False,Narnia_LensLogic,Friday,True
Narnia,LensLogic,2022-09-09,849579.79,False,Narnia_LensLogic,Friday,True
Narnia,LensLogic,2022-09-16,910580.23,False,Narnia_LensLogic,Friday,True
Narnia,LensLogic,2022-09-23,1066055.34,False,Narnia_LensLogic,Friday,True
Narnia,LensLogic,2022-09-30,2333311.64,False,Narnia_LensLogic,Friday,True
Narnia,LensLogic,2022-10-07,1050262.14,False,Narnia_LensLogic,Friday,True
Narnia,LensLogic,2022-10-14,1144680.67,False,Narnia_LensLogic,Friday,True
Narnia,LensLogic,2022-10-21,1311522.82,False,Narnia_LensLogic,Friday,True
Narnia,LensLogic,2022-10-28,1618876.96,False,Narnia_LensLogic,Friday,True
Narnia,LensLogic,2022-11-04,903878.69,False,Narnia_LensLogic,Friday,True
Narnia,LensLogic,2022-11-11,1324013.96,False,Narnia_LensLogic,Friday,True
Narnia,LensLogic,2022-11-18,1415813.17,False,Narnia_LensLogic,Friday,True
Narnia,LensLogic,2022-11-25,1438237.93,False,Narnia_LensLogic,Friday,True
Narnia,LensLogic,2022-12-02,1462595.26,False,Narnia_LensLogic,Friday,True
Narnia,LensLogic,2022-12-09,1216867.51,False,Narnia_LensLogic,Friday,True
Narnia,LensLogic,2022-12-16,1420185.46,False,Narnia_LensLogic,Friday,True
Narnia,LensLogic,2022-12-23,863287.21,False,Narnia_LensLogic,Friday,True
Narnia,LensLogic,2022-12-30,369747.93,False,Narnia_LensLogic,Friday,True
Narnia,LensLogic,2023-01-06,357535.6,False,Narnia_LensLogic,Friday,True
Narnia,LensLogic,2023-01-13,1400897.6,False,Narnia_LensLogic,Friday,True
Narnia,LensLogic,2023-01-20,1494499.1,False,Narnia_LensLogic,Friday,True
Narnia,LensLogic,2023-01-27,1187350.45,False,Narnia_LensLogic,Friday,True
Narnia,LensLogic,2023-02-03,1143331.53,False,Narnia_LensLogic,Friday,True
Narnia,LensLogic,2023-02-10,1245711.47,False,Narnia_LensLogic,Friday,True
Narnia,LensLogic,2023-02-17,1167193.48,False,Narnia_LensLogic,Friday,True
Narnia,LensLogic,2023-02-24,1129064.85,False,Narnia_LensLogic,Friday,True
Narnia,LensLogic,2023-03-03,1109210.8,False,Narnia_LensLogic,Friday,True
Narnia,LensLogic,2023-03-10,1110153.97,False,Narnia_LensLogic,Friday,True
Narnia,LensLogic,2023-03-17,1085467.77,False,Narnia_LensLogic,Friday,True
Narnia,LensLogic,2023-03-24,1207161.27,False,Narnia_LensLogic,Friday,True
Narnia,LensLogic,2023-03-31,2065234.56,False,Narnia_LensLogic,Friday,True
Narnia,LensLogic,2023-04-07,572362.76,False,Narnia_LensLogic,Friday,True
Narnia,LensLogic,2023-04-14,959697.23,False,Narnia_LensLogic,Friday,True
Narnia,LensLogic,2023-04-21,1055996.24,False,Narnia_LensLogic,Friday,True
Narnia,LensLogic,2023-04-28,1556514.68,False,Narnia_LensLogic,Friday,True
Narnia,LensLogic,2023-05-05,1049600.81,False,Narnia_LensLogic,Friday,True
Narnia,LensLogic,2023-05-12,1093482.69,False,Narnia_LensLogic,Friday,True
Narnia,LensLogic,2023-05-19,872218.15,False,Narnia_LensLogic,Friday,True
Narnia,LensLogic,2023-05-26,1071854.87,False,Narnia_LensLogic,Friday,True
Narnia,LensLogic,2023-06-02,1039358.07,False,Narnia_LensLogic,Friday,True
Narnia,LensLogic,2023-06-09,1218162.06,False,Narnia_LensLogic,Friday,True
Narnia,LensLogic,2023-06-16,1418724.5,False,Narnia_LensLogic,Friday,True
Narnia,LensLogic,2023-06-23,1065859.31,False,Narnia_LensLogic,Friday,True
Narnia,LensLogic,2023-06-30,1687593.35,False,Narnia_LensLogic,Friday,True
Narnia,LensLogic,2023-07-07,814040.02,False,Narnia_LensLogic,Friday,True
Narnia,LensLogic,2023-07-14,1029792.13,False,Narnia_LensLogic,Friday,True
Narnia,LensLogic,2023-07-21,949341.5,False,Narnia_LensLogic,Friday,True
Narnia,LensLogic,2023-07-28,924130.05,False,Narnia_LensLogic,Friday,True
Narnia,LensLogic,2023-08-04,712122.21,False,Narnia_LensLogic,Friday,True
Narnia,LensLogic,2023-08-11,796477.9,False,Narnia_LensLogic,Friday,True
Narnia,LensLogic,2023-08-18,777069.28,False,Narnia_LensLogic,Friday,True
Narnia,LensLogic,2023-08-25,848382.31,False,Narnia_LensLogic,Friday,True
Narnia,LensLogic,2023-09-01,881762.69,False,Narnia_LensLogic,Friday,True
Narnia,LensLogic,2023-09-08,915588.37,False,Narnia_LensLogic,Friday,True
Narnia,LensLogic,2023-09-15,1421573.43,False,Narnia_LensLogic,Friday,True
Narnia,LensLogic,2023-09-22,1399652.79,False,Narnia_LensLogic,Friday,True
Narnia,LensLogic,2023-09-29,1768722.13,False,Narnia_LensLogic,Friday,True
Narnia,LensLogic,2023-10-06,970092.04,False,Narnia_LensLogic,Friday,True
Narnia,LensLogic,2023-10-13,1297108.47,False,Narnia_LensLogic,Friday,True
Narnia,LensLogic,2023-10-20,1563726.28,False,Narnia_LensLogic,Friday,True
Narnia,LensLogic,2023-10-27,1218922.82,False,Narnia_LensLogic,Friday,True
Narnia,LensLogic,2023-11-03,1166716.05,False,Narnia_LensLogic,Friday,True
Narnia,LensLogic,2023-11-10,1346320.81,False,Narnia_LensLogic,Friday,True
Narnia,LensLogic,2023-11-17,1796796.57,False,Narnia_LensLogic,Friday,True
Narnia,LensLogic,2023-11-24,1231142.76,False,Narnia_LensLogic,Friday,True
Narnia,LensLogic,2023-12-01,935820.64,False,Narnia_LensLogic,Friday,True
Narnia,LensLogic,2023-12-08,1133086.05,False,Narnia_LensLogic,Friday,True
Narnia,LensLogic,2023-12-15,1388592.39,False,Narnia_LensLogic,Friday,True
Narnia,LensLogic,2023-12-22,1163016.3,False,Narnia_LensLogic,Friday,True
Narnia,LensLogic,2023-12-29,458054.24,False,Narnia_LensLogic,Friday,True
Narnia,LensLogic,2024-01-05,537327.45,False,Narnia_LensLogic,Friday,True
Narnia,LensLogic,2024-01-12,1259831.96,False,Narnia_LensLogic,Friday,True
Narnia,LensLogic,2024-01-19,1519346.54,False,Narnia_LensLogic,Friday,True
Narnia,LensLogic,2024-01-26,1420033.31,False,Narnia_LensLogic,Friday,True
Narnia,LensLogic,2024-02-02,1321636.37,False,Narnia_LensLogic,Friday,True
Narnia,LensLogic,2024-02-09,1395713.4,False,Narnia_LensLogic,Friday,True
Narnia,LensLogic,2024-02-16,1412438.4,False,Narnia_LensLogic,Friday,True
Narnia,LensLogic,2024-02-23,1293947.7,False,Narnia_LensLogic,Friday,True
Narnia,LensLogic,2024-03-01,1138244.16,False,Narnia_LensLogic,Friday,True
Narnia,LensLogic,2024-03-08,1159821.6,False,Narnia_LensLogic,Friday,True
Narnia,LensLogic,2024-03-15,1475924.19,False,Narnia_LensLogic,Friday,True
Narnia,LensLogic,2024-03-22,1762065.92,False,Narnia_LensLogic,Friday,True
Narnia,LensLogic,2024-03-29,382581.88,False,Narnia_LensLogic,Friday,True
Narnia,LensLogic,2024-04-05,1427846.56,False,Narnia_LensLogic,Friday,True
Narnia,LensLogic,2024-04-12,1088251.17,False,Narnia_LensLogic,Friday,True
Narnia,LensLogic,2024-04-19,1435216.47,False,Narnia_LensLogic,Friday,True
Narnia,LensLogic,2024-04-26,1296458.36,False,Narnia_LensLogic,Friday,True
Narnia,LensLogic,2024-05-03,975953.76,False,Narnia_LensLogic,Friday,True
Narnia,LensLogic,2024-05-10,978537.62,False,Narnia_LensLogic,Friday,True
Narnia,LensLogic,2021-01-02,8960.134482289834,False,Narnia_LensLogic,Saturday,False
Narnia,LensLogic,2021-01-09,193547.6686157391,False,Narnia_LensLogic,Saturday,False
Narnia,LensLogic,2021-01-16,287516.4073175585,False,Narnia_LensLogic,Saturday,False
Narnia,LensLogic,2021-01-23,327424.21394962794,False,Narnia_LensLogic,Saturday,False
Narnia,LensLogic,2021-01-30,44362.42032033019,False,Narnia_LensLogic,Saturday,False
Narnia,LensLogic,2021-02-06,56771.4573730108,False,Narnia_LensLogic,Saturday,False
Narnia,LensLogic,2021-02-13,50320.1135292652,False,Narnia_LensLogic,Saturday,False
Narnia,LensLogic,2021-02-20,76481.15222789059,False,Narnia_LensLogic,Saturday,False
Narnia,LensLogic,2021-02-27,34997.43768120809,False,Narnia_LensLogic,Saturday,False
Narnia,LensLogic,2021-03-06,87910.93152495369,False,Narnia_LensLogic,Saturday,False
Narnia,LensLogic,2021-03-13,32983.3605962453,False,Narnia_LensLogic,Saturday,False
Narnia,LensLogic,2021-03-20,49592.39070166639,False,Narnia_LensLogic,Saturday,False
Narnia,LensLogic,2021-03-27,99491.95013867742,False,Narnia_LensLogic,Saturday,False
Narnia,LensLogic,2021-04-03,11845.489703285632,False,Narnia_LensLogic,Saturday,False
Narnia,LensLogic,2021-04-10,86047.89952741616,False,Narnia_LensLogic,Saturday,False
Narnia,LensLogic,2021-04-17,21276.634527697777,False,Narnia_LensLogic,Saturday,False
Narnia,LensLogic,2021-04-24,24440.22155260001,False,Narnia_LensLogic,Saturday,False
Narnia,LensLogic,2021-05-01,362304.6503933731,False,Narnia_LensLogic,Saturday,False
Narnia,LensLogic,2021-05-08,11039.792158623415,False,Narnia_LensLogic,Saturday,False
Narnia,LensLogic,2021-05-15,7026.846038653398,False,Narnia_LensLogic,Saturday,False
Narnia,LensLogic,2021-05-22,28002.50184616773,False,Narnia_LensLogic,Saturday,False
Narnia,LensLogic,2021-05-29,23460.41956791125,False,Narnia_LensLogic,Saturday,False
Narnia,LensLogic,2021-06-05,14053.560437042668,False,Narnia_LensLogic,Saturday,False
Narnia,LensLogic,2021-06-12,40118.32806441595,False,Narnia_LensLogic,Saturday,False
Narnia,LensLogic,2021-06-19,41774.096479018335,False,Narnia_LensLogic,Saturday,False
Narnia,LensLogic,2021-06-26,31686.996828727697,False,Narnia_LensLogic,Saturday,False
Narnia,LensLogic,2021-07-03,52372.33951291069,False,Narnia_LensLogic,Saturday,False
Narnia,LensLogic,2021-07-10,12848.354685256092,False,Narnia_LensLogic,Saturday,False
Narnia,LensLogic,2021-07-17,7172.165727256864,False,Narnia_LensLogic,Saturday,False
Narnia,LensLogic,2021-07-24,109856.1525643509,False,Narnia_LensLogic,Saturday,False
Narnia,LensLogic,2021-07-31,103379.90264593477,False,Narnia_LensLogic,Saturday,False
Narnia,LensLogic,2021-08-07,15564.537411195395,False,Narnia_LensLogic,Saturday,False
Narnia,LensLogic,2021-08-14,27128.5793991128,False,Narnia_LensLogic,Saturday,False
Narnia,LensLogic,2021-08-21,12231.195809701172,False,Narnia_LensLogic,Saturday,False
Narnia,LensLogic,2021-08-28,4621.641654552135,False,Narnia_LensLogic,Saturday,False
Narnia,LensLogic,2021-09-04,37447.85423177747,False,Narnia_LensLogic,Saturday,False
Narnia,LensLogic,2021-09-11,29535.51203540032,False,Narnia_LensLogic,Saturday,False
Narnia,LensLogic,2021-09-18,26488.07890914329,False,Narnia_LensLogic,Saturday,False
Narnia,LensLogic,2021-09-25,7928.733757421892,False,Narnia_LensLogic,Saturday,False
Narnia,LensLogic,2021-10-02,81974.58770903485,False,Narnia_LensLogic,Saturday,False
Narnia,LensLogic,2021-10-09,16823.44912915222,False,Narnia_LensLogic,Saturday,False
Narnia,LensLogic,2021-10-16,66451.956313948,False,Narnia_LensLogic,Saturday,False
Narnia,LensLogic,2021-10-23,30379.931786618283,False,Narnia_LensLogic,Saturday,False
Narnia,LensLogic,2021-10-30,5496.620523260101,False,Narnia_LensLogic,Saturday,False
Narnia,LensLogic,2021-11-06,34104.19190425571,False,Narnia_LensLogic,Saturday,False
Narnia,LensLogic,2021-11-13,21058.97116955497,False,Narnia_LensLogic,Saturday,False
Narnia,LensLogic,2021-11-20,34180.1383657566,False,Narnia_LensLogic,Saturday,False
Narnia,LensLogic,2021-11-27,-89378.73985250352,False,Narnia_LensLogic,Saturday,False
Narnia,LensLogic,2021-12-04,24125.194532360347,False,Narnia_LensLogic,Saturday,False
Narnia,LensLogic,2021-12-11,292936.831542314,False,Narnia_LensLogic,Saturday,False
Narnia,LensLogic,2021-12-18,56327.94372270905,False,Narnia_LensLogic,Saturday,False
Narnia,LensLogic,2021-12-25,412.85,False,Narnia_LensLogic,Saturday,False
Narnia,LensLogic,2022-01-01,475510.09,False,Narnia_LensLogic,Saturday,False
Narnia,LensLogic,2022-01-08,87159.63,False,Narnia_LensLogic,Saturday,False
Narnia,LensLogic,2022-01-15,40658.77,False,Narnia_LensLogic,Saturday,False
Narnia,LensLogic,2022-01-22,39132.31,False,Narnia_LensLogic,Saturday,False
Narnia,LensLogic,2022-01-29,61134.56,False,Narnia_LensLogic,Saturday,False
Narnia,LensLogic,2022-02-05,44225.28,False,Narnia_LensLogic,Saturday,False
Narnia,LensLogic,2022-02-12,36777.91,False,Narnia_LensLogic,Saturday,False
Narnia,LensLogic,2022-02-19,17107.54,False,Narnia_LensLogic,Saturday,False
Narnia,LensLogic,2022-02-26,60459.34,False,Narnia_LensLogic,Saturday,False
Narnia,LensLogic,2022-03-05,337605.92,False,Narnia_LensLogic,Saturday,False
Narnia,LensLogic,2022-03-12,37991.03,False,Narnia_LensLogic,Saturday,False
Narnia,LensLogic,2022-03-19,11003.75,False,Narnia_LensLogic,Saturday,False
Narnia,LensLogic,2022-03-26,49386.51,False,Narnia_LensLogic,Saturday,False
Narnia,LensLogic,2022-04-02,87116.39,False,Narnia_LensLogic,Saturday,False
Narnia,LensLogic,2022-04-09,59608.6,False,Narnia_LensLogic,Saturday,False
Narnia,LensLogic,2022-04-16,9081.61,False,Narnia_LensLogic,Saturday,False
Narnia,LensLogic,2022-04-23,73168.86,False,Narnia_LensLogic,Saturday,False
Narnia,LensLogic,2022-04-30,-159935.38,False,Narnia_LensLogic,Saturday,False
Narnia,LensLogic,2022-05-07,56432.51,False,Narnia_LensLogic,Saturday,False
Narnia,LensLogic,2022-05-14,682.63,False,Narnia_LensLogic,Saturday,False
Narnia,LensLogic,2022-05-21,31494.84,False,Narnia_LensLogic,Saturday,False
Narnia,LensLogic,2022-05-28,15291.18,False,Narnia_LensLogic,Saturday,False
Narnia,LensLogic,2022-06-04,16601.38,False,Narnia_LensLogic,Saturday,False
Narnia,LensLogic,2022-06-11,16711.97,False,Narnia_LensLogic,Saturday,False
Narnia,LensLogic,2022-06-18,25869.08,False,Narnia_LensLogic,Saturday,False
Narnia,LensLogic,2022-06-25,-36389.95,False,Narnia_LensLogic,Saturday,False
Narnia,LensLogic,2022-07-02,8223.65,False,Narnia_LensLogic,Saturday,False
Narnia,LensLogic,2022-07-09,19363.01,False,Narnia_LensLogic,Saturday,False
Narnia,LensLogic,2022-07-16,33335.95,False,Narnia_LensLogic,Saturday,False
Narnia,LensLogic,2022-07-23,19542.89,False,Narnia_LensLogic,Saturday,False
Narnia,LensLogic,2022-07-30,26406.92,False,Narnia_LensLogic,Saturday,False
Narnia,LensLogic,2022-08-06,8786.42,False,Narnia_LensLogic,Saturday,False
Narnia,LensLogic,2022-08-13,16509.41,False,Narnia_LensLogic,Saturday,False
Narnia,LensLogic,2022-08-20,16117.65,False,Narnia_LensLogic,Saturday,False
Narnia,LensLogic,2022-08-27,5471.04,False,Narnia_LensLogic,Saturday,False
Narnia,LensLogic,2022-09-03,82507.45,False,Narnia_LensLogic,Saturday,False
Narnia,LensLogic,2022-09-10,10267.1,False,Narnia_LensLogic,Saturday,False
Narnia,LensLogic,2022-09-17,16614.8,False,Narnia_LensLogic,Saturday,False
Narnia,LensLogic,2022-09-24,51210.83,False,Narnia_LensLogic,Saturday,False
Narnia,LensLogic,2022-10-01,-810081.5,False,Narnia_LensLogic,Saturday,False
Narnia,LensLogic,2022-10-08,25017.42,False,Narnia_LensLogic,Saturday,False
Narnia,LensLogic,2022-10-15,48932.04,False,Narnia_LensLogic,Saturday,False
Narnia,LensLogic,2022-10-22,16540.01,False,Narnia_LensLogic,Saturday,False
Narnia,LensLogic,2022-10-29,5449.75,False,Narnia_LensLogic,Saturday,False
Narnia,LensLogic,2022-11-05,47209.84,False,Narnia_LensLogic,Saturday,False
Narnia,LensLogic,2022-11-12,25092.71,False,Narnia_LensLogic,Saturday,False
Narnia,LensLogic,2022-11-19,43367.95,False,Narnia_LensLogic,Saturday,False
Narnia,LensLogic,2022-11-26,34154.76,False,Narnia_LensLogic,Saturday,False
Narnia,LensLogic,2022-12-03,19928.95,False,Narnia_LensLogic,Saturday,False
Narnia,LensLogic,2022-12-10,75176.05,False,Narnia_LensLogic,Saturday,False
Narnia,LensLogic,2022-12-17,8012.78,False,Narnia_LensLogic,Saturday,False
Narnia,LensLogic,2022-12-24,1649.86,False,Narnia_LensLogic,Saturday,False
Narnia,LensLogic,2022-12-31,468870.97,False,Narnia_LensLogic,Saturday,False
Narnia,LensLogic,2023-01-07,27995.73,False,Narnia_LensLogic,Saturday,False
Narnia,LensLogic,2023-01-14,13913.98,False,Narnia_LensLogic,Saturday,False
Narnia,LensLogic,2023-01-21,26785.8,False,Narnia_LensLogic,Saturday,False
Narnia,LensLogic,2023-01-28,15963.98,False,Narnia_LensLogic,Saturday,False
Narnia,LensLogic,2023-02-04,42928.11,False,Narnia_LensLogic,Saturday,False
Narnia,LensLogic,2023-02-11,51920.58,False,Narnia_LensLogic,Saturday,False
Narnia,LensLogic,2023-02-18,27199.61,False,Narnia_LensLogic,Saturday,False
Narnia,LensLogic,2023-02-25,50285.38,False,Narnia_LensLogic,Saturday,False
Narnia,LensLogic,2023-03-04,16656.98,False,Narnia_LensLogic,Saturday,False
Narnia,LensLogic,2023-03-11,22638.62,False,Narnia_LensLogic,Saturday,False
Narnia,LensLogic,2023-03-18,48206.46,False,Narnia_LensLogic,Saturday,False
Narnia,LensLogic,2023-03-25,130953.8,False,Narnia_LensLogic,Saturday,False
Narnia,LensLogic,2023-04-01,205515.01,False,Narnia_LensLogic,Saturday,False
Narnia,LensLogic,2023-04-08,5002.86,False,Narnia_LensLogic,Saturday,False
Narnia,LensLogic,2023-04-15,31144.29,False,Narnia_LensLogic,Saturday,False
Narnia,LensLogic,2023-04-22,34318.52,False,Narnia_LensLogic,Saturday,False
Narnia,LensLogic,2023-04-29,52295.8,False,Narnia_LensLogic,Saturday,False
Narnia,LensLogic,2023-05-06,19833.25,False,Narnia_LensLogic,Saturday,False
Narnia,LensLogic,2023-05-13,9418.66,False,Narnia_LensLogic,Saturday,False
Narnia,LensLogic,2023-05-20,12413.18,False,Narnia_LensLogic,Saturday,False
Narnia,LensLogic,2023-05-27,43968.68,False,Narnia_LensLogic,Saturday,False
Narnia,LensLogic,2023-06-03,26131.84,False,Narnia_LensLogic,Saturday,False
Narnia,LensLogic,2023-06-10,23880.53,False,Narnia_LensLogic,Saturday,False
Narnia,LensLogic,2023-06-17,19381.68,False,Narnia_LensLogic,Saturday,False
Narnia,LensLogic,2023-06-24,13225.62,False,Narnia_LensLogic,Saturday,False
Narnia,LensLogic,2023-07-01,-280704.57,False,Narnia_LensLogic,Saturday,False
Narnia,LensLogic,2023-07-08,37551.35,False,Narnia_LensLogic,Saturday,False
Narnia,LensLogic,2023-07-15,71129.94,False,Narnia_LensLogic,Saturday,False
Narnia,LensLogic,2023-07-22,18287.33,False,Narnia_LensLogic,Saturday,False
Narnia,LensLogic,2023-07-29,30929.29,False,Narnia_LensLogic,Saturday,False
Narnia,LensLogic,2023-08-05,70422.92,False,Narnia_LensLogic,Saturday,False
Narnia,LensLogic,2023-08-12,28037.29,False,Narnia_LensLogic,Saturday,False
Narnia,LensLogic,2023-08-19,23683.61,False,Narnia_LensLogic,Saturday,False
Narnia,LensLogic,2023-08-26,80606.66,False,Narnia_LensLogic,Saturday,False
Narnia,LensLogic,2023-09-02,34161.8,False,Narnia_LensLogic,Saturday,False
Narnia,LensLogic,2023-09-09,10314.34,False,Narnia_LensLogic,Saturday,False
Narnia,LensLogic,2023-09-16,11405.2,False,Narnia_LensLogic,Saturday,False
Narnia,LensLogic,2023-09-23,30586.03,False,Narnia_LensLogic,Saturday,False
Narnia,LensLogic,2023-09-30,-1058623.24,False,Narnia_LensLogic,Saturday,False
Narnia,LensLogic,2023-10-07,67458.77,False,Narnia_LensLogic,Saturday,False
Narnia,LensLogic,2023-10-14,24734.48,False,Narnia_LensLogic,Saturday,False
Narnia,LensLogic,2023-10-21,28102.91,False,Narnia_LensLogic,Saturday,False
Narnia,LensLogic,2023-10-28,16155.92,False,Narnia_LensLogic,Saturday,False
Narnia,LensLogic,2023-11-04,34363.52,False,Narnia_LensLogic,Saturday,False
Narnia,LensLogic,2023-11-11,108779.66,False,Narnia_LensLogic,Saturday,False
Narnia,LensLogic,2023-11-18,18235.84,False,Narnia_LensLogic,Saturday,False
Narnia,LensLogic,2023-11-25,9178.91,False,Narnia_LensLogic,Saturday,False
Narnia,LensLogic,2023-12-02,11735.5,False,Narnia_LensLogic,Saturday,False
Narnia,LensLogic,2023-12-09,45376.11,False,Narnia_LensLogic,Saturday,False
Narnia,LensLogic,2023-12-16,49047.96,False,Narnia_LensLogic,Saturday,False
Narnia,LensLogic,2023-12-23,11976.9,False,Narnia_LensLogic,Saturday,False
Narnia,LensLogic,2023-12-30,173024.32,False,Narnia_LensLogic,Saturday,False
Narnia,LensLogic,2024-01-06,6870.89,False,Narnia_LensLogic,Saturday,False
Narnia,LensLogic,2024-01-13,29155.84,False,Narnia_LensLogic,Saturday,False
Narnia,LensLogic,2024-01-20,43949.45,False,Narnia_LensLogic,Saturday,False
Narnia,LensLogic,2024-01-27,72102.94,False,Narnia_LensLogic,Saturday,False
Narnia,LensLogic,2024-02-03,34092.59,False,Narnia_LensLogic,Saturday,False
Narnia,LensLogic,2024-02-10,27282.46,False,Narnia_LensLogic,Saturday,False
Narnia,LensLogic,2024-02-17,15408.92,False,Narnia_LensLogic,Saturday,False
Narnia,LensLogic,2024-02-24,63227.6,False,Narnia_LensLogic,Saturday,False
Narnia,LensLogic,2024-03-02,30816.75,False,Narnia_LensLogic,Saturday,False
Narnia,LensLogic,2024-03-09,26893.07,False,Narnia_LensLogic,Saturday,False
Narnia,LensLogic,2024-03-16,17971.28,False,Narnia_LensLogic,Saturday,False
Narnia,LensLogic,2024-03-23,20924.0,False,Narnia_LensLogic,Saturday,False
Narnia,LensLogic,2024-03-30,1777.04,False,Narnia_LensLogic,Saturday,False
Narnia,LensLogic,2024-04-06,37435.48,False,Narnia_LensLogic,Saturday,False
Narnia,LensLogic,2024-04-13,40586.24,False,Narnia_LensLogic,Saturday,False
Narnia,LensLogic,2024-04-20,39728.0,False,Narnia_LensLogic,Saturday,False
Narnia,LensLogic,2024-04-27,141245.79,False,Narnia_LensLogic,Saturday,False
Narnia,LensLogic,2024-05-04,27222.8,False,Narnia_LensLogic,Saturday,False
Narnia,LensLogic,2024-05-11,69794.05,False,Narnia_LensLogic,Saturday,False
Narnia,LensLogic,2021-01-04,186191.8174448012,False,Narnia_LensLogic,Monday,True
Narnia,LensLogic,2021-01-11,448273.75289939047,False,Narnia_LensLogic,Monday,True
Narnia,LensLogic,2021-01-18,388947.5676124184,False,Narnia_LensLogic,Monday,True
Narnia,LensLogic,2021-01-25,410497.30364063126,False,Narnia_LensLogic,Monday,True
Narnia,LensLogic,2021-02-01,1172813.9060027902,False,Narnia_LensLogic,Monday,True
Narnia,LensLogic,2021-02-08,619755.2443354018,False,Narnia_LensLogic,Monday,True
Narnia,LensLogic,2021-02-15,644744.8894488219,False,Narnia_LensLogic,Monday,True
Narnia,LensLogic,2021-02-22,566450.1779941444,False,Narnia_LensLogic,Monday,True
Narnia,LensLogic,2021-03-01,1203343.405844931,False,Narnia_LensLogic,Monday,True
Narnia,LensLogic,2021-03-08,623647.5616418802,False,Narnia_LensLogic,Monday,True
Narnia,LensLogic,2021-03-15,1014290.271503086,False,Narnia_LensLogic,Monday,True
Narnia,LensLogic,2021-03-22,641468.7332020124,False,Narnia_LensLogic,Monday,True
Narnia,LensLogic,2021-03-29,637039.8489654574,False,Narnia_LensLogic,Monday,True
Narnia,LensLogic,2021-04-05,140534.04157873153,False,Narnia_LensLogic,Monday,True
Narnia,LensLogic,2021-04-12,749224.684701325,False,Narnia_LensLogic,Monday,True
Narnia,LensLogic,2021-04-19,778603.9875318338,False,Narnia_LensLogic,Monday,True
Narnia,LensLogic,2021-04-26,684217.4901199184,False,Narnia_LensLogic,Monday,True
Narnia,LensLogic,2021-05-03,689027.0165468144,False,Narnia_LensLogic,Monday,True
Narnia,LensLogic,2021-05-10,589502.5049710053,False,Narnia_LensLogic,Monday,True
Narnia,LensLogic,2021-05-17,666019.6144396854,False,Narnia_LensLogic,Monday,True
Narnia,LensLogic,2021-05-24,431972.06801635085,False,Narnia_LensLogic,Monday,True
Narnia,LensLogic,2021-05-31,2498178.54660807,False,Narnia_LensLogic,Monday,True
Narnia,LensLogic,2021-06-07,743133.4824879819,False,Narnia_LensLogic,Monday,True
Narnia,LensLogic,2021-06-14,822199.3476953116,False,Narnia_LensLogic,Monday,True
Narnia,LensLogic,2021-06-21,842646.5502025943,False,Narnia_LensLogic,Monday,True
Narnia,LensLogic,2021-06-28,816329.0796739282,False,Narnia_LensLogic,Monday,True
Narnia,LensLogic,2021-07-05,1075554.3855668,False,Narnia_LensLogic,Monday,True
Narnia,LensLogic,2021-07-12,585548.198073695,False,Narnia_LensLogic,Monday,True
Narnia,LensLogic,2021-07-19,584720.7081252958,False,Narnia_LensLogic,Monday,True
Narnia,LensLogic,2021-07-26,603369.8386046205,False,Narnia_LensLogic,Monday,True
Narnia,LensLogic,2021-08-02,497681.04411217273,False,Narnia_LensLogic,Monday,True
Narnia,LensLogic,2021-08-09,456075.1141978744,False,Narnia_LensLogic,Monday,True
Narnia,LensLogic,2021-08-16,510951.5338570853,False,Narnia_LensLogic,Monday,True
Narnia,LensLogic,2021-08-23,447342.31608600885,False,Narnia_LensLogic,Monday,True
Narnia,LensLogic,2021-08-30,474556.3696931061,False,Narnia_LensLogic,Monday,True
Narnia,LensLogic,2021-09-06,547618.7106841614,False,Narnia_LensLogic,Monday,True
Narnia,LensLogic,2021-09-13,635736.8240536139,False,Narnia_LensLogic,Monday,True
Narnia,LensLogic,2021-09-20,687610.4066884726,False,Narnia_LensLogic,Monday,True
Narnia,LensLogic,2021-09-27,826970.4732064921,False,Narnia_LensLogic,Monday,True
Narnia,LensLogic,2021-10-04,970173.9578713216,False,Narnia_LensLogic,Monday,True
Narnia,LensLogic,2021-10-11,883643.7639590098,False,Narnia_LensLogic,Monday,True
Narnia,LensLogic,2021-10-18,1021756.0507266654,False,Narnia_LensLogic,Monday,True
Narnia,LensLogic,2021-10-25,760283.8004172335,False,Narnia_LensLogic,Monday,True
Narnia,LensLogic,2021-11-01,1235724.7744831357,False,Narnia_LensLogic,Monday,True
Narnia,LensLogic,2021-11-08,1082312.0920902167,False,Narnia_LensLogic,Monday,True
Narnia,LensLogic,2021-11-15,1006750.0511312628,False,Narnia_LensLogic,Monday,True
Narnia,LensLogic,2021-11-22,954512.4700755264,False,Narnia_LensLogic,Monday,True
Narnia,LensLogic,2021-11-29,977083.8266389244,False,Narnia_LensLogic,Monday,True
Narnia,LensLogic,2021-12-06,727059.7222391617,False,Narnia_LensLogic,Monday,True
Narnia,LensLogic,2021-12-13,1282207.00047071,False,Narnia_LensLogic,Monday,True
Narnia,LensLogic,2021-12-20,1091139.6667079648,False,Narnia_LensLogic,Monday,True
Narnia,LensLogic,2021-12-27,544054.9053226161,False,Narnia_LensLogic,Monday,True
Narnia,LensLogic,2022-01-03,271006.27,False,Narnia_LensLogic,Monday,True
Narnia,LensLogic,2022-01-10,613358.92,False,Narnia_LensLogic,Monday,True
Narnia,LensLogic,2022-01-17,891200.88,False,Narnia_LensLogic,Monday,True
Narnia,LensLogic,2022-01-24,1090302.76,False,Narnia_LensLogic,Monday,True
Narnia,LensLogic,2022-01-31,1309083.75,False,Narnia_LensLogic,Monday,True
Narnia,LensLogic,2022-02-07,964969.25,False,Narnia_LensLogic,Monday,True
Narnia,LensLogic,2022-02-14,882430.9,False,Narnia_LensLogic,Monday,True
Narnia,LensLogic,2022-02-21,1222384.66,False,Narnia_LensLogic,Monday,True
Narnia,LensLogic,2022-02-28,1152097.58,False,Narnia_LensLogic,Monday,True
Narnia,LensLogic,2022-03-07,1105953.67,False,Narnia_LensLogic,Monday,True
Narnia,LensLogic,2022-03-14,912398.04,False,Narnia_LensLogic,Monday,True
Narnia,LensLogic,2022-03-21,1172863.52,False,Narnia_LensLogic,Monday,True
Narnia,LensLogic,2022-03-28,1372315.22,False,Narnia_LensLogic,Monday,True
Narnia,LensLogic,2022-04-04,1053753.57,False,Narnia_LensLogic,Monday,True
Narnia,LensLogic,2022-04-11,943239.6,False,Narnia_LensLogic,Monday,True
Narnia,LensLogic,2022-04-18,317401.68,False,Narnia_LensLogic,Monday,True
Narnia,LensLogic,2022-04-25,1032726.18,False,Narnia_LensLogic,Monday,True
Narnia,LensLogic,2022-05-02,673849.12,False,Narnia_LensLogic,Monday,True
Narnia,LensLogic,2022-05-09,834123.32,False,Narnia_LensLogic,Monday,True
Narnia,LensLogic,2022-05-16,1111069.64,False,Narnia_LensLogic,Monday,True
Narnia,LensLogic,2022-05-23,959963.18,False,Narnia_LensLogic,Monday,True
Narnia,LensLogic,2022-05-30,1476866.86,False,Narnia_LensLogic,Monday,True
Narnia,LensLogic,2022-06-06,677307.72,False,Narnia_LensLogic,Monday,True
Narnia,LensLogic,2022-06-13,931792.9,False,Narnia_LensLogic,Monday,True
Narnia,LensLogic,2022-06-20,974820.58,False,Narnia_LensLogic,Monday,True
Narnia,LensLogic,2022-06-27,989801.57,False,Narnia_LensLogic,Monday,True
Narnia,LensLogic,2022-07-04,910877.77,False,Narnia_LensLogic,Monday,True
Narnia,LensLogic,2022-07-11,589187.88,False,Narnia_LensLogic,Monday,True
Narnia,LensLogic,2022-07-18,895281.54,False,Narnia_LensLogic,Monday,True
Narnia,LensLogic,2022-07-25,959425.18,False,Narnia_LensLogic,Monday,True
Narnia,LensLogic,2022-08-01,-229430.63,False,Narnia_LensLogic,Monday,True
Narnia,LensLogic,2022-08-08,757778.62,False,Narnia_LensLogic,Monday,True
Narnia,LensLogic,2022-08-15,399098.08,False,Narnia_LensLogic,Monday,True
Narnia,LensLogic,2022-08-22,581958.67,False,Narnia_LensLogic,Monday,True
Narnia,LensLogic,2022-08-29,586661.03,False,Narnia_LensLogic,Monday,True
Narnia,LensLogic,2022-09-05,766182.76,False,Narnia_LensLogic,Monday,True
Narnia,LensLogic,2022-09-12,947795.04,False,Narnia_LensLogic,Monday,True
Narnia,LensLogic,2022-09-19,909499.07,False,Narnia_LensLogic,Monday,True
Narnia,LensLogic,2022-09-26,877852.16,False,Narnia_LensLogic,Monday,True
Narnia,LensLogic,2022-10-03,1216909.97,False,Narnia_LensLogic,Monday,True
Narnia,LensLogic,2022-10-10,1066906.71,False,Narnia_LensLogic,Monday,True
Narnia,LensLogic,2022-10-17,1210043.0,False,Narnia_LensLogic,Monday,True
Narnia,LensLogic,2022-10-24,1073163.09,False,Narnia_LensLogic,Monday,True
Narnia,LensLogic,2022-10-31,2017384.52,False,Narnia_LensLogic,Monday,True
Narnia,LensLogic,2022-11-07,1172211.62,False,Narnia_LensLogic,Monday,True
Narnia,LensLogic,2022-11-14,1226948.09,False,Narnia_LensLogic,Monday,True
Narnia,LensLogic,2022-11-21,1186071.54,False,Narnia_LensLogic,Monday,True
Narnia,LensLogic,2022-11-28,1801075.1,False,Narnia_LensLogic,Monday,True
Narnia,LensLogic,2022-12-05,1231551.16,False,Narnia_LensLogic,Monday,True
Narnia,LensLogic,2022-12-12,1086468.35,False,Narnia_LensLogic,Monday,True
Narnia,LensLogic,2022-12-19,1125718.06,False,Narnia_LensLogic,Monday,True
Narnia,LensLogic,2022-12-26,237739.3,False,Narnia_LensLogic,Monday,True
Narnia,LensLogic,2023-01-02,249420.91,False,Narnia_LensLogic,Monday,True
Narnia,LensLogic,2023-01-09,999417.59,False,Narnia_LensLogic,Monday,True
Narnia,LensLogic,2023-01-16,896317.51,False,Narnia_LensLogic,Monday,True
Narnia,LensLogic,2023-01-23,1232208.37,False,Narnia_LensLogic,Monday,True
Narnia,LensLogic,2023-01-30,1619625.4,False,Narnia_LensLogic,Monday,True
Narnia,LensLogic,2023-02-06,1167718.26,False,Narnia_LensLogic,Monday,True
Narnia,LensLogic,2023-02-13,949815.15,False,Narnia_LensLogic,Monday,True
Narnia,LensLogic,2023-02-20,1118253.48,False,Narnia_LensLogic,Monday,True
Narnia,LensLogic,2023-02-27,2417359.93,False,Narnia_LensLogic,Monday,True
Narnia,LensLogic,2023-03-06,1016453.71,False,Narnia_LensLogic,Monday,True
Narnia,LensLogic,2023-03-13,922225.87,False,Narnia_LensLogic,Monday,True
Narnia,LensLogic,2023-03-20,1234950.88,False,Narnia_LensLogic,Monday,True
Narnia,LensLogic,2023-03-27,1142966.49,False,Narnia_LensLogic,Monday,True
Narnia,LensLogic,2023-04-03,804510.74,False,Narnia_LensLogic,Monday,True
Narnia,LensLogic,2023-04-10,401943.97,False,Narnia_LensLogic,Monday,True
Narnia,LensLogic,2023-04-17,1031449.73,False,Narnia_LensLogic,Monday,True
Narnia,LensLogic,2023-04-24,991625.23,False,Narnia_LensLogic,Monday,True
Narnia,LensLogic,2023-05-01,54574.09,False,Narnia_LensLogic,Monday,True
Narnia,LensLogic,2023-05-08,780744.34,False,Narnia_LensLogic,Monday,True
Narnia,LensLogic,2023-05-15,1134983.71,False,Narnia_LensLogic,Monday,True
Narnia,LensLogic,2023-05-22,1344693.86,False,Narnia_LensLogic,Monday,True
Narnia,LensLogic,2023-05-29,620102.66,False,Narnia_LensLogic,Monday,True
Narnia,LensLogic,2023-06-05,1088096.76,False,Narnia_LensLogic,Monday,True
Narnia,LensLogic,2023-06-12,1011266.1,False,Narnia_LensLogic,Monday,True
Narnia,LensLogic,2023-06-19,1548800.8,False,Narnia_LensLogic,Monday,True
Narnia,LensLogic,2023-06-26,936060.14,False,Narnia_LensLogic,Monday,True
Narnia,LensLogic,2023-07-03,869376.23,False,Narnia_LensLogic,Monday,True
Narnia,LensLogic,2023-07-10,1104628.52,False,Narnia_LensLogic,Monday,True
Narnia,LensLogic,2023-07-17,1911296.51,False,Narnia_LensLogic,Monday,True
Narnia,LensLogic,2023-07-24,1166914.83,False,Narnia_LensLogic,Monday,True
Narnia,LensLogic,2023-07-31,1585948.83,False,Narnia_LensLogic,Monday,True
Narnia,LensLogic,2023-08-07,623874.58,False,Narnia_LensLogic,Monday,True
Narnia,LensLogic,2023-08-14,620850.82,False,Narnia_LensLogic,Monday,True
Narnia,LensLogic,2023-08-21,635919.17,False,Narnia_LensLogic,Monday,True
Narnia,LensLogic,2023-08-28,620088.17,False,Narnia_LensLogic,Monday,True
Narnia,LensLogic,2023-09-04,873281.54,False,Narnia_LensLogic,Monday,True
Narnia,LensLogic,2023-09-11,1226575.76,False,Narnia_LensLogic,Monday,True
Narnia,LensLogic,2023-09-18,1133619.42,False,Narnia_LensLogic,Monday,True
Narnia,LensLogic,2023-09-25,1171501.85,False,Narnia_LensLogic,Monday,True
Narnia,LensLogic,2023-10-02,1367798.4,False,Narnia_LensLogic,Monday,True
Narnia,LensLogic,2023-10-09,979101.19,False,Narnia_LensLogic,Monday,True
Narnia,LensLogic,2023-10-16,1137368.59,False,Narnia_LensLogic,Monday,True
Narnia,LensLogic,2023-10-23,1133027.0,False,Narnia_LensLogic,Monday,True
Narnia,LensLogic,2023-10-30,1496492.16,False,Narnia_LensLogic,Monday,True
Narnia,LensLogic,2023-11-06,1007903.23,False,Narnia_LensLogic,Monday,True
Narnia,LensLogic,2023-11-13,1063708.75,False,Narnia_LensLogic,Monday,True
Narnia,LensLogic,2023-11-20,1313556.02,False,Narnia_LensLogic,Monday,True
Narnia,LensLogic,2023-11-27,1149867.41,False,Narnia_LensLogic,Monday,True
Narnia,LensLogic,2023-12-04,1979992.15,False,Narnia_LensLogic,Monday,True
Narnia,LensLogic,2023-12-11,1281955.79,False,Narnia_LensLogic,Monday,True
Narnia,LensLogic,2023-12-18,1238900.37,False,Narnia_LensLogic,Monday,True
Narnia,LensLogic,2023-12-25,403489.0,False,Narnia_LensLogic,Monday,True
Narnia,LensLogic,2024-01-01,231193.9,False,Narnia_LensLogic,Monday,True
Narnia,LensLogic,2024-01-08,706903.13,False,Narnia_LensLogic,Monday,True
Narnia,LensLogic,2024-01-15,1165904.89,False,Narnia_LensLogic,Monday,True
Narnia,LensLogic,2024-01-22,1083290.55,False,Narnia_LensLogic,Monday,True
Narnia,LensLogic,2024-01-29,1253349.67,False,Narnia_LensLogic,Monday,True
Narnia,LensLogic,2024-02-05,1187901.98,False,Narnia_LensLogic,Monday,True
Narnia,LensLogic,2024-02-12,1248656.35,False,Narnia_LensLogic,Monday,True
Narnia,LensLogic,2024-02-19,1324307.49,False,Narnia_LensLogic,Monday,True
Narnia,LensLogic,2024-02-26,1276851.5,False,Narnia_LensLogic,Monday,True
Narnia,LensLogic,2024-03-04,1428632.93,False,Narnia_LensLogic,Monday,True
Narnia,LensLogic,2024-03-11,1426341.24,False,Narnia_LensLogic,Monday,True
Narnia,LensLogic,2024-03-18,1225015.33,False,Narnia_LensLogic,Monday,True
Narnia,LensLogic,2024-03-25,1578839.49,False,Narnia_LensLogic,Monday,True
Narnia,LensLogic,2024-04-01,208338.92,False,Narnia_LensLogic,Monday,True
Narnia,LensLogic,2024-04-08,1270540.26,False,Narnia_LensLogic,Monday,True
Narnia,LensLogic,2024-04-15,1103901.91,False,Narnia_LensLogic,Monday,True
Narnia,LensLogic,2024-04-22,1643401.66,False,Narnia_LensLogic,Monday,True
Narnia,LensLogic,2024-04-29,1259640.84,False,Narnia_LensLogic,Monday,True
Narnia,LensLogic,2024-05-06,931660.84,False,Narnia_LensLogic,Monday,True
Narnia,LensLogic,2024-05-13,1180154.06,False,Narnia_LensLogic,Monday,True
Narnia,LensLogic,2021-01-05,554705.3593631319,False,Narnia_LensLogic,Tuesday,True
Narnia,LensLogic,2021-01-12,645171.5943871012,False,Narnia_LensLogic,Tuesday,True
Narnia,LensLogic,2021-01-19,616672.9965138771,False,Narnia_LensLogic,Tuesday,True
Narnia,LensLogic,2021-01-26,787196.508260129,False,Narnia_LensLogic,Tuesday,True
Narnia,LensLogic,2021-02-02,811437.2549587043,False,Narnia_LensLogic,Tuesday,True
Narnia,LensLogic,2021-02-09,800898.5554237112,False,Narnia_LensLogic,Tuesday,True
Narnia,LensLogic,2021-02-16,695410.0314731696,False,Narnia_LensLogic,Tuesday,True
Narnia,LensLogic,2021-02-23,653742.464160541,False,Narnia_LensLogic,Tuesday,True
Narnia,LensLogic,2021-03-02,782413.479290876,False,Narnia_LensLogic,Tuesday,True
Narnia,LensLogic,2021-03-09,814799.4785069379,False,Narnia_LensLogic,Tuesday,True
Narnia,LensLogic,2021-03-16,919605.0313310336,False,Narnia_LensLogic,Tuesday,True
Narnia,LensLogic,2021-03-23,1121696.4121899633,False,Narnia_LensLogic,Tuesday,True
Narnia,LensLogic,2021-03-30,851161.3061364609,False,Narnia_LensLogic,Tuesday,True
Narnia,LensLogic,2021-04-06,678884.4231858201,False,Narnia_LensLogic,Tuesday,True
Narnia,LensLogic,2021-04-13,634277.812369893,False,Narnia_LensLogic,Tuesday,True
Narnia,LensLogic,2021-04-20,717432.5552512172,False,Narnia_LensLogic,Tuesday,True
Narnia,LensLogic,2021-04-27,809790.5163074805,False,Narnia_LensLogic,Tuesday,True
Narnia,LensLogic,2021-05-04,702039.8307556375,False,Narnia_LensLogic,Tuesday,True
Narnia,LensLogic,2021-05-11,1039232.3078370566,False,Narnia_LensLogic,Tuesday,True
Narnia,LensLogic,2021-05-18,881822.9410577905,False,Narnia_LensLogic,Tuesday,True
Narnia,LensLogic,2021-05-25,651573.4654724693,False,Narnia_LensLogic,Tuesday,True
Narnia,LensLogic,2021-06-01,1180025.2650589077,False,Narnia_LensLogic,Tuesday,True
Narnia,LensLogic,2021-06-08,651224.2996121659,False,Narnia_LensLogic,Tuesday,True
Narnia,LensLogic,2021-06-15,865521.2812762641,False,Narnia_LensLogic,Tuesday,True
Narnia,LensLogic,2021-06-22,686149.6828114133,False,Narnia_LensLogic,Tuesday,True
Narnia,LensLogic,2021-06-29,923278.2249788444,False,Narnia_LensLogic,Tuesday,True
Narnia,LensLogic,2021-07-06,713911.91219685,False,Narnia_LensLogic,Tuesday,True
Narnia,LensLogic,2021-07-13,751858.6287082403,False,Narnia_LensLogic,Tuesday,True
Narnia,LensLogic,2021-07-20,659203.5686548876,False,Narnia_LensLogic,Tuesday,True
Narnia,LensLogic,2021-07-27,776678.4964854512,False,Narnia_LensLogic,Tuesday,True
Narnia,LensLogic,2021-08-03,594396.8910337393,False,Narnia_LensLogic,Tuesday,True
Narnia,LensLogic,2021-08-10,494023.5367655127,False,Narnia_LensLogic,Tuesday,True
Narnia,LensLogic,2021-08-17,547356.8298323877,False,Narnia_LensLogic,Tuesday,True
Narnia,LensLogic,2021-08-24,562033.4327195517,False,Narnia_LensLogic,Tuesday,True
Narnia,LensLogic,2021-08-31,722965.6119552464,False,Narnia_LensLogic,Tuesday,True
Narnia,LensLogic,2021-09-07,862552.8344063521,False,Narnia_LensLogic,Tuesday,True
Narnia,LensLogic,2021-09-14,765889.74309666,False,Narnia_LensLogic,Tuesday,True
Narnia,LensLogic,2021-09-21,762332.9208053596,False,Narnia_LensLogic,Tuesday,True
Narnia,LensLogic,2021-09-28,847508.2749268229,False,Narnia_LensLogic,Tuesday,True
Narnia,LensLogic,2021-10-05,787119.2583405676,False,Narnia_LensLogic,Tuesday,True
Narnia,LensLogic,2021-10-12,766392.8264563573,False,Narnia_LensLogic,Tuesday,True
Narnia,LensLogic,2021-10-19,860590.3856523368,False,Narnia_LensLogic,Tuesday,True
Narnia,LensLogic,2021-10-26,1001807.467409701,False,Narnia_LensLogic,Tuesday,True
Narnia,LensLogic,2021-11-02,746336.1260623396,False,Narnia_LensLogic,Tuesday,True
Narnia,LensLogic,2021-11-09,823080.1755505548,False,Narnia_LensLogic,Tuesday,True
Narnia,LensLogic,2021-11-16,951003.1984123036,False,Narnia_LensLogic,Tuesday,True
Narnia,LensLogic,2021-11-23,801898.7487550342,False,Narnia_LensLogic,Tuesday,True
Narnia,LensLogic,2021-11-30,1536474.311006689,False,Narnia_LensLogic,Tuesday,True
Narnia,LensLogic,2021-12-07,955850.3834868596,False,Narnia_LensLogic,Tuesday,True
Narnia,LensLogic,2021-12-14,1265033.356645775,False,Narnia_LensLogic,Tuesday,True
Narnia,LensLogic,2021-12-21,1199182.2610175014,False,Narnia_LensLogic,Tuesday,True
Narnia,LensLogic,2021-12-28,404599.1987052744,False,Narnia_LensLogic,Tuesday,True
Narnia,LensLogic,2022-01-04,642266.17,False,Narnia_LensLogic,Tuesday,True
Narnia,LensLogic,2022-01-11,622224.84,False,Narnia_LensLogic,Tuesday,True
Narnia,LensLogic,2022-01-18,900703.55,False,Narnia_LensLogic,Tuesday,True
Narnia,LensLogic,2022-01-25,998905.25,False,Narnia_LensLogic,Tuesday,True
Narnia,LensLogic,2022-02-01,1258838.31,False,Narnia_LensLogic,Tuesday,True
Narnia,LensLogic,2022-02-08,1015768.22,False,Narnia_LensLogic,Tuesday,True
Narnia,LensLogic,2022-02-15,813190.71,False,Narnia_LensLogic,Tuesday,True
Narnia,LensLogic,2022-02-22,1025979.34,False,Narnia_LensLogic,Tuesday,True
Narnia,LensLogic,2022-03-01,1199170.38,False,Narnia_LensLogic,Tuesday,True
Narnia,LensLogic,2022-03-08,988190.14,False,Narnia_LensLogic,Tuesday,True
Narnia,LensLogic,2022-03-15,1069552.65,False,Narnia_LensLogic,Tuesday,True
Narnia,LensLogic,2022-03-22,1681674.09,False,Narnia_LensLogic,Tuesday,True
Narnia,LensLogic,2022-03-29,1292698.97,False,Narnia_LensLogic,Tuesday,True
Narnia,LensLogic,2022-04-05,1224745.22,False,Narnia_LensLogic,Tuesday,True
Narnia,LensLogic,2022-04-12,940793.31,False,Narnia_LensLogic,Tuesday,True
Narnia,LensLogic,2022-04-19,794371.89,False,Narnia_LensLogic,Tuesday,True
Narnia,LensLogic,2022-04-26,1163858.57,False,Narnia_LensLogic,Tuesday,True
Narnia,LensLogic,2022-05-03,905344.12,False,Narnia_LensLogic,Tuesday,True
Narnia,LensLogic,2022-05-10,784183.2,False,Narnia_LensLogic,Tuesday,True
Narnia,LensLogic,2022-05-17,1053466.52,False,Narnia_LensLogic,Tuesday,True
Narnia,LensLogic,2022-05-24,1032319.5,False,Narnia_LensLogic,Tuesday,True
Narnia,LensLogic,2022-05-31,3062298.64,False,Narnia_LensLogic,Tuesday,True
Narnia,LensLogic,2022-06-07,609155.6,False,Narnia_LensLogic,Tuesday,True
Narnia,LensLogic,2022-06-14,698674.96,False,Narnia_LensLogic,Tuesday,True
Narnia,LensLogic,2022-06-21,1069369.0,False,Narnia_LensLogic,Tuesday,True
Narnia,LensLogic,2022-06-28,1115679.99,False,Narnia_LensLogic,Tuesday,True
Narnia,LensLogic,2022-07-05,1081993.26,False,Narnia_LensLogic,Tuesday,True
Narnia,LensLogic,2022-07-12,936115.64,False,Narnia_LensLogic,Tuesday,True
Narnia,LensLogic,2022-07-19,735707.19,False,Narnia_LensLogic,Tuesday,True
Narnia,LensLogic,2022-07-26,710690.77,False,Narnia_LensLogic,Tuesday,True
Narnia,LensLogic,2022-08-02,829390.24,False,Narnia_LensLogic,Tuesday,True
Narnia,LensLogic,2022-08-09,576941.61,False,Narnia_LensLogic,Tuesday,True
Narnia,LensLogic,2022-08-16,547397.12,False,Narnia_LensLogic,Tuesday,True
Narnia,LensLogic,2022-08-23,891729.63,False,Narnia_LensLogic,Tuesday,True
Narnia,LensLogic,2022-08-30,1101037.22,False,Narnia_LensLogic,Tuesday,True
Narnia,LensLogic,2022-09-06,832936.05,False,Narnia_LensLogic,Tuesday,True
Narnia,LensLogic,2022-09-13,929011.01,False,Narnia_LensLogic,Tuesday,True
Narnia,LensLogic,2022-09-20,854238.98,False,Narnia_LensLogic,Tuesday,True
Narnia,LensLogic,2022-09-27,1082134.02,False,Narnia_LensLogic,Tuesday,True
Narnia,LensLogic,2022-10-04,1093165.45,False,Narnia_LensLogic,Tuesday,True
Narnia,LensLogic,2022-10-11,936097.95,False,Narnia_LensLogic,Tuesday,True
Narnia,LensLogic,2022-10-18,888409.82,False,Narnia_LensLogic,Tuesday,True
Narnia,LensLogic,2022-10-25,1286208.9,False,Narnia_LensLogic,Tuesday,True
Narnia,LensLogic,2022-11-01,-393397.31,False,Narnia_LensLogic,Tuesday,True
Narnia,LensLogic,2022-11-08,1149777.15,False,Narnia_LensLogic,Tuesday,True
Narnia,LensLogic,2022-11-15,1081121.44,False,Narnia_LensLogic,Tuesday,True
Narnia,LensLogic,2022-11-22,1106083.01,False,Narnia_LensLogic,Tuesday,True
Narnia,LensLogic,2022-11-29,2786237.2,False,Narnia_LensLogic,Tuesday,True
Narnia,LensLogic,2022-12-06,984136.88,False,Narnia_LensLogic,Tuesday,True
Narnia,LensLogic,2022-12-13,1296967.45,False,Narnia_LensLogic,Tuesday,True
Narnia,LensLogic,2022-12-20,1118642.38,False,Narnia_LensLogic,Tuesday,True
Narnia,LensLogic,2022-12-27,597182.27,False,Narnia_LensLogic,Tuesday,True
Narnia,LensLogic,2023-01-03,470564.84,False,Narnia_LensLogic,Tuesday,True
Narnia,LensLogic,2023-01-10,1185648.78,False,Narnia_LensLogic,Tuesday,True
Narnia,LensLogic,2023-01-17,1137616.69,False,Narnia_LensLogic,Tuesday,True
Narnia,LensLogic,2023-01-24,1380890.6,False,Narnia_LensLogic,Tuesday,True
Narnia,LensLogic,2023-01-31,1012830.46,False,Narnia_LensLogic,Tuesday,True
Narnia,LensLogic,2023-02-07,1353108.65,False,Narnia_LensLogic,Tuesday,True
Narnia,LensLogic,2023-02-14,1149483.5,False,Narnia_LensLogic,Tuesday,True
Narnia,LensLogic,2023-02-21,1109923.64,False,Narnia_LensLogic,Tuesday,True
Narnia,LensLogic,2023-02-28,1243778.25,False,Narnia_LensLogic,Tuesday,True
Narnia,LensLogic,2023-03-07,1425051.11,False,Narnia_LensLogic,Tuesday,True
Narnia,LensLogic,2023-03-14,1231012.89,False,Narnia_LensLogic,Tuesday,True
Narnia,LensLogic,2023-03-21,1201200.66,False,Narnia_LensLogic,Tuesday,True
Narnia,LensLogic,2023-03-28,1456564.8,False,Narnia_LensLogic,Tuesday,True
Narnia,LensLogic,2023-04-04,1264119.74,False,Narnia_LensLogic,Tuesday,True
Narnia,LensLogic,2023-04-11,1155615.82,False,Narnia_LensLogic,Tuesday,True
Narnia,LensLogic,2023-04-18,1120188.87,False,Narnia_LensLogic,Tuesday,True
Narnia,LensLogic,2023-04-25,821746.0,False,Narnia_LensLogic,Tuesday,True
Narnia,LensLogic,2023-05-02,953302.09,False,Narnia_LensLogic,Tuesday,True
Narnia,LensLogic,2023-05-09,1122409.74,False,Narnia_LensLogic,Tuesday,True
Narnia,LensLogic,2023-05-16,1187739.48,False,Narnia_LensLogic,Tuesday,True
Narnia,LensLogic,2023-05-23,2968271.74,False,Narnia_LensLogic,Tuesday,True
Narnia,LensLogic,2023-05-30,1105792.18,False,Narnia_LensLogic,Tuesday,True
Narnia,LensLogic,2023-06-06,927076.02,False,Narnia_LensLogic,Tuesday,True
Narnia,LensLogic,2023-06-13,1941551.23,False,Narnia_LensLogic,Tuesday,True
Narnia,LensLogic,2023-06-20,1097481.14,False,Narnia_LensLogic,Tuesday,True
Narnia,LensLogic,2023-06-27,1055016.35,False,Narnia_LensLogic,Tuesday,True
Narnia,LensLogic,2023-07-04,937004.45,False,Narnia_LensLogic,Tuesday,True
Narnia,LensLogic,2023-07-11,862830.33,False,Narnia_LensLogic,Tuesday,True
Narnia,LensLogic,2023-07-18,1267010.35,False,Narnia_LensLogic,Tuesday,True
Narnia,LensLogic,2023-07-25,883647.71,False,Narnia_LensLogic,Tuesday,True
Narnia,LensLogic,2023-08-01,966011.36,False,Narnia_LensLogic,Tuesday,True
Narnia,LensLogic,2023-08-08,709238.39,False,Narnia_LensLogic,Tuesday,True
Narnia,LensLogic,2023-08-15,428952.06,False,Narnia_LensLogic,Tuesday,True
Narnia,LensLogic,2023-08-22,960733.39,False,Narnia_LensLogic,Tuesday,True
Narnia,LensLogic,2023-08-29,883208.49,False,Narnia_LensLogic,Tuesday,True
Narnia,LensLogic,2023-09-05,1078707.09,False,Narnia_LensLogic,Tuesday,True
Narnia,LensLogic,2023-09-12,871834.05,False,Narnia_LensLogic,Tuesday,True
Narnia,LensLogic,2023-09-19,1439703.68,False,Narnia_LensLogic,Tuesday,True
Narnia,LensLogic,2023-09-26,1616941.44,False,Narnia_LensLogic,Tuesday,True
Narnia,LensLogic,2023-10-03,1034462.66,False,Narnia_LensLogic,Tuesday,True
Narnia,LensLogic,2023-10-10,1357418.24,False,Narnia_LensLogic,Tuesday,True
Narnia,LensLogic,2023-10-17,1267724.4,False,Narnia_LensLogic,Tuesday,True
Narnia,LensLogic,2023-10-24,990448.84,False,Narnia_LensLogic,Tuesday,True
Narnia,LensLogic,2023-10-31,1965825.04,False,Narnia_LensLogic,Tuesday,True
Narnia,LensLogic,2023-11-07,1383057.97,False,Narnia_LensLogic,Tuesday,True
Narnia,LensLogic,2023-11-14,1451633.63,False,Narnia_LensLogic,Tuesday,True
Narnia,LensLogic,2023-11-21,2057640.87,False,Narnia_LensLogic,Tuesday,True
Narnia,LensLogic,2023-11-28,1671908.71,False,Narnia_LensLogic,Tuesday,True
Narnia,LensLogic,2023-12-05,1583732.89,False,Narnia_LensLogic,Tuesday,True
Narnia,LensLogic,2023-12-12,1999313.38,False,Narnia_LensLogic,Tuesday,True
Narnia,LensLogic,2023-12-19,1679506.29,False,Narnia_LensLogic,Tuesday,True
Narnia,LensLogic,2023-12-26,340101.25,False,Narnia_LensLogic,Tuesday,True
Narnia,LensLogic,2024-01-02,708243.17,False,Narnia_LensLogic,Tuesday,True
Narnia,LensLogic,2024-01-09,1310288.09,False,Narnia_LensLogic,Tuesday,True
Narnia,LensLogic,2024-01-16,1311018.6,False,Narnia_LensLogic,Tuesday,True
Narnia,LensLogic,2024-01-23,1408583.38,False,Narnia_LensLogic,Tuesday,True
Narnia,LensLogic,2024-01-30,1631209.68,False,Narnia_LensLogic,Tuesday,True
Narnia,LensLogic,2024-02-06,2126594.59,False,Narnia_LensLogic,Tuesday,True
Narnia,LensLogic,2024-02-13,1532958.38,False,Narnia_LensLogic,Tuesday,True
Narnia,LensLogic,2024-02-20,1510047.67,False,Narnia_LensLogic,Tuesday,True
Narnia,LensLogic,2024-02-27,1360292.1,False,Narnia_LensLogic,Tuesday,True
Narnia,LensLogic,2024-03-05,1394180.44,False,Narnia_LensLogic,Tuesday,True
Narnia,LensLogic,2024-03-12,1221846.39,False,Narnia_LensLogic,Tuesday,True
Narnia,LensLogic,2024-03-19,1955701.93,False,Narnia_LensLogic,Tuesday,True
Narnia,LensLogic,2024-03-26,1774070.53,False,Narnia_LensLogic,Tuesday,True
Narnia,LensLogic,2024-04-02,1275062.29,False,Narnia_LensLogic,Tuesday,True
Narnia,LensLogic,2024-04-09,1226935.61,False,Narnia_LensLogic,Tuesday,True
Narnia,LensLogic,2024-04-16,1393616.58,False,Narnia_LensLogic,Tuesday,True
Narnia,LensLogic,2024-04-23,1180082.63,False,Narnia_LensLogic,Tuesday,True
Narnia,LensLogic,2024-04-30,1929644.98,False,Narnia_LensLogic,Tuesday,True
Narnia,LensLogic,2024-05-07,1690566.73,False,Narnia_LensLogic,Tuesday,True
Narnia,LensLogic,2021-01-06,330465.9529306426,False,Narnia_LensLogic,Wednesday,True
Narnia,LensLogic,2021-01-13,627818.7453457247,False,Narnia_LensLogic,Wednesday,True
Narnia,LensLogic,2021-01-20,673436.0432520232,False,Narnia_LensLogic,Wednesday,True
Narnia,LensLogic,2021-01-27,881111.9619679912,False,Narnia_LensLogic,Wednesday,True
Narnia,LensLogic,2021-02-03,721874.5588695143,False,Narnia_LensLogic,Wednesday,True
Narnia,LensLogic,2021-02-10,769837.0263552208,False,Narnia_LensLogic,Wednesday,True
Narnia,LensLogic,2021-02-17,754999.1163945878,False,Narnia_LensLogic,Wednesday,True
Narnia,LensLogic,2021-02-24,889379.1347697944,False,Narnia_LensLogic,Wednesday,True
Narnia,LensLogic,2021-03-03,855365.1236503738,False,Narnia_LensLogic,Wednesday,True
Narnia,LensLogic,2021-03-10,851392.5624122554,False,Narnia_LensLogic,Wednesday,True
Narnia,LensLogic,2021-03-17,822974.8255466615,False,Narnia_LensLogic,Wednesday,True
Narnia,LensLogic,2021-03-24,744952.7782969192,False,Narnia_LensLogic,Wednesday,True
Narnia,LensLogic,2021-03-31,1109293.3216399427,False,Narnia_LensLogic,Wednesday,True
Narnia,LensLogic,2021-04-07,503560.1097787521,False,Narnia_LensLogic,Wednesday,True
Narnia,LensLogic,2021-04-14,837201.9233660646,False,Narnia_LensLogic,Wednesday,True
Narnia,LensLogic,2021-04-21,825064.7362265155,False,Narnia_LensLogic,Wednesday,True
Narnia,LensLogic,2021-04-28,786791.0006230801,False,Narnia_LensLogic,Wednesday,True
Narnia,LensLogic,2021-05-05,818260.0518335099,False,Narnia_LensLogic,Wednesday,True
Narnia,LensLogic,2021-05-12,888762.0225111693,False,Narnia_LensLogic,Wednesday,True
Narnia,LensLogic,2021-05-19,828690.9709892921,False,Narnia_LensLogic,Wednesday,True
Narnia,LensLogic,2021-05-26,1015632.7564790436,False,Narnia_LensLogic,Wednesday,True
Narnia,LensLogic,2021-06-02,789447.559799012,False,Narnia_LensLogic,Wednesday,True
Narnia,LensLogic,2021-06-09,878345.2672770008,False,Narnia_LensLogic,Wednesday,True
Narnia,LensLogic,2021-06-16,930595.5967201662,False,Narnia_LensLogic,Wednesday,True
Narnia,LensLogic,2021-06-23,757866.2329539211,False,Narnia_LensLogic,Wednesday,True
Narnia,LensLogic,2021-06-30,1530428.444976892,False,Narnia_LensLogic,Wednesday,True
Narnia,LensLogic,2021-07-07,759310.4926808866,False,Narnia_LensLogic,Wednesday,True
Narnia,LensLogic,2021-07-14,569093.4248787889,False,Narnia_LensLogic,Wednesday,True
Narnia,LensLogic,2021-07-21,608714.3942815295,False,Narnia_LensLogic,Wednesday,True
Narnia,LensLogic,2021-07-28,670059.4877284745,False,Narnia_LensLogic,Wednesday,True
Narnia,LensLogic,2021-08-04,534207.0363281922,False,Narnia_LensLogic,Wednesday,True
Narnia,LensLogic,2021-08-11,411750.098745884,False,Narnia_LensLogic,Wednesday,True
Narnia,LensLogic,2021-08-18,513072.02572383394,False,Narnia_LensLogic,Wednesday,True
Narnia,LensLogic,2021-08-25,547795.5422728467,False,Narnia_LensLogic,Wednesday,True
Narnia,LensLogic,2021-09-01,1164838.6282462636,False,Narnia_LensLogic,Wednesday,True
Narnia,LensLogic,2021-09-08,846429.8749606175,False,Narnia_LensLogic,Wednesday,True
Narnia,LensLogic,2021-09-15,861477.2176872679,False,Narnia_LensLogic,Wednesday,True
Narnia,LensLogic,2021-09-22,1142334.7564563246,False,Narnia_LensLogic,Wednesday,True
Narnia,LensLogic,2021-09-29,1076607.2024200205,False,Narnia_LensLogic,Wednesday,True
Narnia,LensLogic,2021-10-06,973239.3683971672,False,Narnia_LensLogic,Wednesday,True
Narnia,LensLogic,2021-10-13,1063329.4298473897,False,Narnia_LensLogic,Wednesday,True
Narnia,LensLogic,2021-10-20,1030877.3080416268,False,Narnia_LensLogic,Wednesday,True
Narnia,LensLogic,2021-10-27,1181308.8271470186,False,Narnia_LensLogic,Wednesday,True
Narnia,LensLogic,2021-11-03,882733.4176722297,False,Narnia_LensLogic,Wednesday,True
Narnia,LensLogic,2021-11-10,1042525.9164050864,False,Narnia_LensLogic,Wednesday,True
Narnia,LensLogic,2021-11-17,1227616.886411894,False,Narnia_LensLogic,Wednesday,True
Narnia,LensLogic,2021-11-24,1029790.4547225558,False,Narnia_LensLogic,Wednesday,True
Narnia,LensLogic,2021-12-01,1390168.701738984,False,Narnia_LensLogic,Wednesday,True
Narnia,LensLogic,2021-12-08,904407.4175631824,False,Narnia_LensLogic,Wednesday,True
Narnia,LensLogic,2021-12-15,1350327.209072631,False,Narnia_LensLogic,Wednesday,True
Narnia,LensLogic,2021-12-22,1170220.9175488942,False,Narnia_LensLogic,Wednesday,True
Narnia,LensLogic,2021-12-29,226206.95441028025,False,Narnia_LensLogic,Wednesday,True
Narnia,LensLogic,2022-01-05,505780.34,False,Narnia_LensLogic,Wednesday,True
Narnia,LensLogic,2022-01-12,878932.19,False,Narnia_LensLogic,Wednesday,True
Narnia,LensLogic,2022-01-19,1090947.4,False,Narnia_LensLogic,Wednesday,True
Narnia,LensLogic,2022-01-26,1022498.23,False,Narnia_LensLogic,Wednesday,True
Narnia,LensLogic,2022-02-02,928810.37,False,Narnia_LensLogic,Wednesday,True
Narnia,LensLogic,2022-02-09,1005959.87,False,Narnia_LensLogic,Wednesday,True
Narnia,LensLogic,2022-02-16,914779.27,False,Narnia_LensLogic,Wednesday,True
Narnia,LensLogic,2022-02-23,921934.33,False,Narnia_LensLogic,Wednesday,True
Narnia,LensLogic,2022-03-02,1296807.51,False,Narnia_LensLogic,Wednesday,True
Narnia,LensLogic,2022-03-09,1210886.38,False,Narnia_LensLogic,Wednesday,True
Narnia,LensLogic,2022-03-16,1141892.24,False,Narnia_LensLogic,Wednesday,True
Narnia,LensLogic,2022-03-23,1127589.73,False,Narnia_LensLogic,Wednesday,True
Narnia,LensLogic,2022-03-30,1917489.39,False,Narnia_LensLogic,Wednesday,True
Narnia,LensLogic,2022-04-06,1137851.55,False,Narnia_LensLogic,Wednesday,True
Narnia,LensLogic,2022-04-13,981059.77,False,Narnia_LensLogic,Wednesday,True
Narnia,LensLogic,2022-04-20,1055457.92,False,Narnia_LensLogic,Wednesday,True
Narnia,LensLogic,2022-04-27,1321437.98,False,Narnia_LensLogic,Wednesday,True
Narnia,LensLogic,2022-05-04,963861.53,False,Narnia_LensLogic,Wednesday,True
Narnia,LensLogic,2022-05-11,1087540.36,False,Narnia_LensLogic,Wednesday,True
Narnia,LensLogic,2022-05-18,1247102.34,False,Narnia_LensLogic,Wednesday,True
Narnia,LensLogic,2022-05-25,1188235.23,False,Narnia_LensLogic,Wednesday,True
Narnia,LensLogic,2022-06-01,23311.34,False,Narnia_LensLogic,Wednesday,True
Narnia,LensLogic,2022-06-08,979664.71,False,Narnia_LensLogic,Wednesday,True
Narnia,LensLogic,2022-06-15,1012098.73,False,Narnia_LensLogic,Wednesday,True
Narnia,LensLogic,2022-06-22,932659.15,False,Narnia_LensLogic,Wednesday,True
Narnia,LensLogic,2022-06-29,2199433.17,False,Narnia_LensLogic,Wednesday,True
Narnia,LensLogic,2022-07-06,839640.6,False,Narnia_LensLogic,Wednesday,True
Narnia,LensLogic,2022-07-13,778597.58,False,Narnia_LensLogic,Wednesday,True
Narnia,LensLogic,2022-07-20,617347.58,False,Narnia_LensLogic,Wednesday,True
Narnia,LensLogic,2022-07-27,1456428.51,False,Narnia_LensLogic,Wednesday,True
Narnia,LensLogic,2022-08-03,619439.81,False,Narnia_LensLogic,Wednesday,True
Narnia,LensLogic,2022-08-10,620390.68,False,Narnia_LensLogic,Wednesday,True
Narnia,LensLogic,2022-08-17,713421.84,False,Narnia_LensLogic,Wednesday,True
Narnia,LensLogic,2022-08-24,642227.02,False,Narnia_LensLogic,Wednesday,True
Narnia,LensLogic,2022-08-31,1291139.0,False,Narnia_LensLogic,Wednesday,True
Narnia,LensLogic,2022-09-07,887649.78,False,Narnia_LensLogic,Wednesday,True
Narnia,LensLogic,2022-09-14,870660.2,False,Narnia_LensLogic,Wednesday,True
Narnia,LensLogic,2022-09-21,1136448.53,False,Narnia_LensLogic,Wednesday,True
Narnia,LensLogic,2022-09-28,1152419.6,False,Narnia_LensLogic,Wednesday,True
Narnia,LensLogic,2022-10-05,1415220.45,False,Narnia_LensLogic,Wednesday,True
Narnia,LensLogic,2022-10-12,1012888.88,False,Narnia_LensLogic,Wednesday,True
Narnia,LensLogic,2022-10-19,1306988.09,False,Narnia_LensLogic,Wednesday,True
Narnia,LensLogic,2022-10-26,1248340.92,False,Narnia_LensLogic,Wednesday,True
Narnia,LensLogic,2022-11-02,1099829.3,False,Narnia_LensLogic,Wednesday,True
Narnia,LensLogic,2022-11-09,1268042.23,False,Narnia_LensLogic,Wednesday,True
Narnia,LensLogic,2022-11-16,1310284.19,False,Narnia_LensLogic,Wednesday,True
Narnia,LensLogic,2022-11-23,1237589.55,False,Narnia_LensLogic,Wednesday,True
Narnia,LensLogic,2022-11-30,1706439.73,False,Narnia_LensLogic,Wednesday,True
Narnia,LensLogic,2022-12-07,1306756.3,False,Narnia_LensLogic,Wednesday,True
Narnia,LensLogic,2022-12-14,1454809.33,False,Narnia_LensLogic,Wednesday,True
Narnia,LensLogic,2022-12-21,1450995.1,False,Narnia_LensLogic,Wednesday,True
Narnia,LensLogic,2022-12-28,1147267.44,False,Narnia_LensLogic,Wednesday,True
Narnia,LensLogic,2023-01-04,731837.5,False,Narnia_LensLogic,Wednesday,True
Narnia,LensLogic,2023-01-11,1178930.35,False,Narnia_LensLogic,Wednesday,True
Narnia,LensLogic,2023-01-18,985128.3,False,Narnia_LensLogic,Wednesday,True
Narnia,LensLogic,2023-01-25,1281003.93,False,Narnia_LensLogic,Wednesday,True
Narnia,LensLogic,2023-02-01,882903.23,False,Narnia_LensLogic,Wednesday,True
Narnia,LensLogic,2023-02-08,1363798.71,False,Narnia_LensLogic,Wednesday,True
Narnia,LensLogic,2023-02-15,1293702.66,False,Narnia_LensLogic,Wednesday,True
Narnia,LensLogic,2023-02-22,1760922.47,False,Narnia_LensLogic,Wednesday,True
Narnia,LensLogic,2023-03-01,1498978.6,False,Narnia_LensLogic,Wednesday,True
Narnia,LensLogic,2023-03-08,1229605.17,False,Narnia_LensLogic,Wednesday,True
Narnia,LensLogic,2023-03-15,1130923.22,False,Narnia_LensLogic,Wednesday,True
Narnia,LensLogic,2023-03-22,1149583.82,False,Narnia_LensLogic,Wednesday,True
Narnia,LensLogic,2023-03-29,1777172.71,False,Narnia_LensLogic,Wednesday,True
Narnia,LensLogic,2023-04-05,1091409.39,False,Narnia_LensLogic,Wednesday,True
Narnia,LensLogic,2023-04-12,1191714.92,False,Narnia_LensLogic,Wednesday,True
Narnia,LensLogic,2023-04-19,1368727.45,False,Narnia_LensLogic,Wednesday,True
Narnia,LensLogic,2023-04-26,1469721.99,False,Narnia_LensLogic,Wednesday,True
Narnia,LensLogic,2023-05-03,1345316.84,False,Narnia_LensLogic,Wednesday,True
Narnia,LensLogic,2023-05-10,1259924.39,False,Narnia_LensLogic,Wednesday,True
Narnia,LensLogic,2023-05-17,1162209.96,False,Narnia_LensLogic,Wednesday,True
Narnia,LensLogic,2023-05-24,1074246.21,False,Narnia_LensLogic,Wednesday,True
Narnia,LensLogic,2023-05-31,2163600.02,False,Narnia_LensLogic,Wednesday,True
Narnia,LensLogic,2023-06-07,950859.24,False,Narnia_LensLogic,Wednesday,True
Narnia,LensLogic,2023-06-14,1976597.44,False,Narnia_LensLogic,Wednesday,True
Narnia,LensLogic,2023-06-21,1113943.82,False,Narnia_LensLogic,Wednesday,True
Narnia,LensLogic,2023-06-28,1200109.39,False,Narnia_LensLogic,Wednesday,True
Narnia,LensLogic,2023-07-05,933586.21,False,Narnia_LensLogic,Wednesday,True
Narnia,LensLogic,2023-07-12,1058161.44,False,Narnia_LensLogic,Wednesday,True
Narnia,LensLogic,2023-07-19,1326173.68,False,Narnia_LensLogic,Wednesday,True
Narnia,LensLogic,2023-07-26,950892.75,False,Narnia_LensLogic,Wednesday,True
Narnia,LensLogic,2023-08-02,780411.64,False,Narnia_LensLogic,Wednesday,True
Narnia,LensLogic,2023-08-09,831125.26,False,Narnia_LensLogic,Wednesday,True
Narnia,LensLogic,2023-08-16,659073.09,False,Narnia_LensLogic,Wednesday,True
Narnia,LensLogic,2023-08-23,885312.53,False,Narnia_LensLogic,Wednesday,True
Narnia,LensLogic,2023-08-30,1062053.24,False,Narnia_LensLogic,Wednesday,True
Narnia,LensLogic,2023-09-06,1076942.42,False,Narnia_LensLogic,Wednesday,True
Narnia,LensLogic,2023-09-13,941460.5,False,Narnia_LensLogic,Wednesday,True
Narnia,LensLogic,2023-09-20,1010432.91,False,Narnia_LensLogic,Wednesday,True
Narnia,LensLogic,2023-09-27,1279973.69,False,Narnia_LensLogic,Wednesday,True
Narnia,LensLogic,2023-10-04,975401.6,False,Narnia_LensLogic,Wednesday,True
Narnia,LensLogic,2023-10-11,1266157.55,False,Narnia_LensLogic,Wednesday,True
Narnia,LensLogic,2023-10-18,1249033.28,False,Narnia_LensLogic,Wednesday,True
Narnia,LensLogic,2023-10-25,1298744.56,False,Narnia_LensLogic,Wednesday,True
Narnia,LensLogic,2023-11-01,193214.59,False,Narnia_LensLogic,Wednesday,True
Narnia,LensLogic,2023-11-08,1374695.58,False,Narnia_LensLogic,Wednesday,True
Narnia,LensLogic,2023-11-15,1403937.03,False,Narnia_LensLogic,Wednesday,True
Narnia,LensLogic,2023-11-22,1430621.93,False,Narnia_LensLogic,Wednesday,True
Narnia,LensLogic,2023-11-29,2522625.56,False,Narnia_LensLogic,Wednesday,True
Narnia,LensLogic,2023-12-06,1317804.57,False,Narnia_LensLogic,Wednesday,True
Narnia,LensLogic,2023-12-13,1448943.33,False,Narnia_LensLogic,Wednesday,True
Narnia,LensLogic,2023-12-20,1406592.12,False,Narnia_LensLogic,Wednesday,True
Narnia,LensLogic,2023-12-27,949881.16,False,Narnia_LensLogic,Wednesday,True
Narnia,LensLogic,2024-01-03,685004.71,False,Narnia_LensLogic,Wednesday,True
Narnia,LensLogic,2024-01-10,1214882.44,False,Narnia_LensLogic,Wednesday,True
Narnia,LensLogic,2024-01-17,1342636.82,False,Narnia_LensLogic,Wednesday,True
Narnia,LensLogic,2024-01-24,1625720.9,False,Narnia_LensLogic,Wednesday,True
Narnia,LensLogic,2024-01-31,1364904.35,False,Narnia_LensLogic,Wednesday,True
Narnia,LensLogic,2024-02-07,1530568.37,False,Narnia_LensLogic,Wednesday,True
Narnia,LensLogic,2024-02-14,1383399.33,False,Narnia_LensLogic,Wednesday,True
Narnia,LensLogic,2024-02-21,1275039.35,False,Narnia_LensLogic,Wednesday,True
Narnia,LensLogic,2024-02-28,2495138.15,False,Narnia_LensLogic,Wednesday,True
Narnia,LensLogic,2024-03-06,1432073.41,False,Narnia_LensLogic,Wednesday,True
Narnia,LensLogic,2024-03-13,1436525.16,False,Narnia_LensLogic,Wednesday,True
Narnia,LensLogic,2024-03-20,1329306.02,False,Narnia_LensLogic,Wednesday,True
Narnia,LensLogic,2024-03-27,818838.31,False,Narnia_LensLogic,Wednesday,True
Narnia,LensLogic,2024-04-03,1339129.01,False,Narnia_LensLogic,Wednesday,True
Narnia,LensLogic,2024-04-10,1220311.23,False,Narnia_LensLogic,Wednesday,True
Narnia,LensLogic,2024-04-17,1805633.16,False,Narnia_LensLogic,Wednesday,True
Narnia,LensLogic,2024-04-24,1604509.07,False,Narnia_LensLogic,Wednesday,True
Narnia,LensLogic,2024-05-01,382497.05,False,Narnia_LensLogic,Wednesday,True
Narnia,LensLogic,2024-05-08,1108271.59,False,Narnia_LensLogic,Wednesday,True
Narnia,LensLogic,2021-01-07,422911.457017471,False,Narnia_LensLogic,Thursday,True
Narnia,LensLogic,2021-01-14,910491.3302829792,False,Narnia_LensLogic,Thursday,True
Narnia,LensLogic,2021-01-21,849006.0307019599,False,Narnia_LensLogic,Thursday,True
Narnia,LensLogic,2021-01-28,542718.0193798235,False,Narnia_LensLogic,Thursday,True
Narnia,LensLogic,2021-02-04,825248.6487311632,False,Narnia_LensLogic,Thursday,True
Narnia,LensLogic,2021-02-11,825085.2806850296,False,Narnia_LensLogic,Thursday,True
Narnia,LensLogic,2021-02-18,805440.1132593657,False,Narnia_LensLogic,Thursday,True
Narnia,LensLogic,2021-02-25,825472.7095475241,False,Narnia_LensLogic,Thursday,True
Narnia,LensLogic,2021-03-04,834569.6918174118,False,Narnia_LensLogic,Thursday,True
Narnia,LensLogic,2021-03-11,801036.8981068138,False,Narnia_LensLogic,Thursday,True
Narnia,LensLogic,2021-03-18,918720.4950987226,False,Narnia_LensLogic,Thursday,True
Narnia,LensLogic,2021-03-25,1087481.2704639777,False,Narnia_LensLogic,Thursday,True
Narnia,LensLogic,2021-04-01,943893.106094157,False,Narnia_LensLogic,Thursday,True
Narnia,LensLogic,2021-04-08,881400.8711468657,False,Narnia_LensLogic,Thursday,True
Narnia,LensLogic,2021-04-15,837532.9432883096,False,Narnia_LensLogic,Thursday,True
Narnia,LensLogic,2021-04-22,1029298.026132696,False,Narnia_LensLogic,Thursday,True
Narnia,LensLogic,2021-04-29,972798.4048269772,False,Narnia_LensLogic,Thursday,True
Narnia,LensLogic,2021-05-06,719641.5828433663,False,Narnia_LensLogic,Thursday,True
Narnia,LensLogic,2021-05-13,569639.5487682034,False,Narnia_LensLogic,Thursday,True
Narnia,LensLogic,2021-05-20,994326.7362911808,False,Narnia_LensLogic,Thursday,True
Narnia,LensLogic,2021-05-27,-429183.792275028,False,Narnia_LensLogic,Thursday,True
Narnia,LensLogic,2021-06-03,826282.2249407243,False,Narnia_LensLogic,Thursday,True
Narnia,LensLogic,2021-06-10,965484.272259776,False,Narnia_LensLogic,Thursday,True
Narnia,LensLogic,2021-06-17,886610.9644459867,False,Narnia_LensLogic,Thursday,True
Narnia,LensLogic,2021-06-24,826390.2210631281,False,Narnia_LensLogic,Thursday,True
Narnia,LensLogic,2021-07-01,832561.9063643324,False,Narnia_LensLogic,Thursday,True
Narnia,LensLogic,2021-07-08,625305.1913549392,False,Narnia_LensLogic,Thursday,True
Narnia,LensLogic,2021-07-15,738416.475884526,False,Narnia_LensLogic,Thursday,True
Narnia,LensLogic,2021-07-22,883950.3814972609,False,Narnia_LensLogic,Thursday,True
Narnia,LensLogic,2021-07-29,792152.2091515122,False,Narnia_LensLogic,Thursday,True
Narnia,LensLogic,2021-08-05,480817.2062413207,False,Narnia_LensLogic,Thursday,True
Narnia,LensLogic,2021-08-12,609450.0561115857,False,Narnia_LensLogic,Thursday,True
Narnia,LensLogic,2021-08-19,729654.2020203151,False,Narnia_LensLogic,Thursday,True
Narnia,LensLogic,2021-08-26,837093.2984552021,False,Narnia_LensLogic,Thursday,True
Narnia,LensLogic,2021-09-02,800535.8325913447,False,Narnia_LensLogic,Thursday,True
Narnia,LensLogic,2021-09-09,724828.708832182,False,Narnia_LensLogic,Thursday,True
Narnia,LensLogic,2021-09-16,974793.8001315476,False,Narnia_LensLogic,Thursday,True
Narnia,LensLogic,2021-09-23,868117.4097367141,False,Narnia_LensLogic,Thursday,True
Narnia,LensLogic,2021-09-30,1179931.7817569198,False,Narnia_LensLogic,Thursday,True
Narnia,LensLogic,2021-10-07,937600.5264163368,False,Narnia_LensLogic,Thursday,True
Narnia,LensLogic,2021-10-14,1050598.6403132975,False,Narnia_LensLogic,Thursday,True
Narnia,LensLogic,2021-10-21,913360.8059599554,False,Narnia_LensLogic,Thursday,True
Narnia,LensLogic,2021-10-28,1011259.2551607704,False,Narnia_LensLogic,Thursday,True
Narnia,LensLogic,2021-11-04,900650.1545890033,False,Narnia_LensLogic,Thursday,True
Narnia,LensLogic,2021-11-11,870245.1262227411,False,Narnia_LensLogic,Thursday,True
Narnia,LensLogic,2021-11-18,1231706.1693563946,False,Narnia_LensLogic,Thursday,True
Narnia,LensLogic,2021-11-25,1118066.4873012784,False,Narnia_LensLogic,Thursday,True
Narnia,LensLogic,2021-12-02,1568028.257571984,False,Narnia_LensLogic,Thursday,True
Narnia,LensLogic,2021-12-09,1344197.5105609647,False,Narnia_LensLogic,Thursday,True
Narnia,LensLogic,2021-12-16,1184849.3860722464,False,Narnia_LensLogic,Thursday,True
Narnia,LensLogic,2021-12-23,804971.9439958029,False,Narnia_LensLogic,Thursday,True
Narnia,LensLogic,2021-12-30,355067.9766416744,False,Narnia_LensLogic,Thursday,True
Narnia,LensLogic,2022-01-06,237741.24,False,Narnia_LensLogic,Thursday,True
Narnia,LensLogic,2022-01-13,1015793.21,False,Narnia_LensLogic,Thursday,True
Narnia,LensLogic,2022-01-20,1057979.33,False,Narnia_LensLogic,Thursday,True
Narnia,LensLogic,2022-01-27,1066049.67,False,Narnia_LensLogic,Thursday,True
Narnia,LensLogic,2022-02-03,1152009.29,False,Narnia_LensLogic,Thursday,True
Narnia,LensLogic,2022-02-10,927940.22,False,Narnia_LensLogic,Thursday,True
Narnia,LensLogic,2022-02-17,909598.61,False,Narnia_LensLogic,Thursday,True
Narnia,LensLogic,2022-02-24,800385.3,False,Narnia_LensLogic,Thursday,True
Narnia,LensLogic,2022-03-03,1034932.33,False,Narnia_LensLogic,Thursday,True
Narnia,LensLogic,2022-03-10,1303175.48,False,Narnia_LensLogic,Thursday,True
Narnia,LensLogic,2022-03-17,1245833.48,False,Narnia_LensLogic,Thursday,True
Narnia,LensLogic,2022-03-24,1325153.59,False,Narnia_LensLogic,Thursday,True
Narnia,LensLogic,2022-03-31,1405680.1,False,Narnia_LensLogic,Thursday,True
Narnia,LensLogic,2022-04-07,1119396.95,False,Narnia_LensLogic,Thursday,True
Narnia,LensLogic,2022-04-14,848865.68,False,Narnia_LensLogic,Thursday,True
Narnia,LensLogic,2022-04-21,891207.15,False,Narnia_LensLogic,Thursday,True
Narnia,LensLogic,2022-04-28,1154507.94,False,Narnia_LensLogic,Thursday,True
Narnia,LensLogic,2022-05-05,919162.95,False,Narnia_LensLogic,Thursday,True
Narnia,LensLogic,2022-05-12,1178073.45,False,Narnia_LensLogic,Thursday,True
Narnia,LensLogic,2022-05-19,1128075.87,False,Narnia_LensLogic,Thursday,True
Narnia,LensLogic,2022-05-26,791507.15,False,Narnia_LensLogic,Thursday,True
Narnia,LensLogic,2022-06-02,998109.58,False,Narnia_LensLogic,Thursday,True
Narnia,LensLogic,2022-06-09,1127262.25,False,Narnia_LensLogic,Thursday,True
Narnia,LensLogic,2022-06-16,810558.37,False,Narnia_LensLogic,Thursday,True
Narnia,LensLogic,2022-06-23,867412.21,False,Narnia_LensLogic,Thursday,True
Narnia,LensLogic,2022-06-30,2224035.59,False,Narnia_LensLogic,Thursday,True
Narnia,LensLogic,2022-07-07,944840.37,False,Narnia_LensLogic,Thursday,True
Narnia,LensLogic,2022-07-14,688281.06,False,Narnia_LensLogic,Thursday,True
Narnia,LensLogic,2022-07-21,827659.6,False,Narnia_LensLogic,Thursday,True
Narnia,LensLogic,2022-07-28,683603.06,False,Narnia_LensLogic,Thursday,True
Narnia,LensLogic,2022-08-04,591330.24,False,Narnia_LensLogic,Thursday,True
Narnia,LensLogic,2022-08-11,626580.13,False,Narnia_LensLogic,Thursday,True
Narnia,LensLogic,2022-08-18,718072.41,False,Narnia_LensLogic,Thursday,True
Narnia,LensLogic,2022-08-25,725908.5,False,Narnia_LensLogic,Thursday,True
Narnia,LensLogic,2022-09-01,291963.64,False,Narnia_LensLogic,Thursday,True
Narnia,LensLogic,2022-09-08,817576.07,False,Narnia_LensLogic,Thursday,True
Narnia,LensLogic,2022-09-15,1012376.3,False,Narnia_LensLogic,Thursday,True
Narnia,LensLogic,2022-09-22,766831.09,False,Narnia_LensLogic,Thursday,True
Narnia,LensLogic,2022-09-29,1238316.94,False,Narnia_LensLogic,Thursday,True
Narnia,LensLogic,2022-10-06,996206.42,False,Narnia_LensLogic,Thursday,True
Narnia,LensLogic,2022-10-13,1103872.99,False,Narnia_LensLogic,Thursday,True
Narnia,LensLogic,2022-10-20,1287469.36,False,Narnia_LensLogic,Thursday,True
Narnia,LensLogic,2022-10-27,1194242.61,False,Narnia_LensLogic,Thursday,True
Narnia,LensLogic,2022-11-03,1387944.0,False,Narnia_LensLogic,Thursday,True
Narnia,LensLogic,2022-11-10,1332011.27,False,Narnia_LensLogic,Thursday,True
Narnia,LensLogic,2022-11-17,1374215.59,False,Narnia_LensLogic,Thursday,True
Narnia,LensLogic,2022-11-24,1198016.47,False,Narnia_LensLogic,Thursday,True
Narnia,LensLogic,2022-12-01,1226630.98,False,Narnia_LensLogic,Thursday,True
Narnia,LensLogic,2022-12-08,878928.31,False,Narnia_LensLogic,Thursday,True
Narnia,LensLogic,2022-12-15,1074698.6,False,Narnia_LensLogic,Thursday,True
Narnia,LensLogic,2022-12-22,1373907.96,False,Narnia_LensLogic,Thursday,True
Narnia,LensLogic,2022-12-29,-412063.46,False,Narnia_LensLogic,Thursday,True
Narnia,LensLogic,2023-01-05,621289.77,False,Narnia_LensLogic,Thursday,True
Narnia,LensLogic,2023-01-12,1244318.02,False,Narnia_LensLogic,Thursday,True
Narnia,LensLogic,2023-01-19,1039474.76,False,Narnia_LensLogic,Thursday,True
Narnia,LensLogic,2023-01-26,1502641.88,False,Narnia_LensLogic,Thursday,True
Narnia,LensLogic,2023-02-02,1246707.75,False,Narnia_LensLogic,Thursday,True
Narnia,LensLogic,2023-02-09,1381517.35,False,Narnia_LensLogic,Thursday,True
Narnia,LensLogic,2023-02-16,1184749.1,False,Narnia_LensLogic,Thursday,True
Narnia,LensLogic,2023-02-23,1114807.12,False,Narnia_LensLogic,Thursday,True
Narnia,LensLogic,2023-03-02,1159280.71,False,Narnia_LensLogic,Thursday,True
Narnia,LensLogic,2023-03-09,1203877.76,False,Narnia_LensLogic,Thursday,True
Narnia,LensLogic,2023-03-16,1308778.34,False,Narnia_LensLogic,Thursday,True
Narnia,LensLogic,2023-03-23,1308568.14,False,Narnia_LensLogic,Thursday,True
Narnia,LensLogic,2023-03-30,1401260.49,False,Narnia_LensLogic,Thursday,True
Narnia,LensLogic,2023-04-06,1466770.25,False,Narnia_LensLogic,Thursday,True
Narnia,LensLogic,2023-04-13,1003863.51,False,Narnia_LensLogic,Thursday,True
Narnia,LensLogic,2023-04-20,1308054.06,False,Narnia_LensLogic,Thursday,True
Narnia,LensLogic,2023-04-27,1352974.15,False,Narnia_LensLogic,Thursday,True
Narnia,LensLogic,2023-05-04,1592414.08,False,Narnia_LensLogic,Thursday,True
Narnia,LensLogic,2023-05-11,1021003.32,False,Narnia_LensLogic,Thursday,True
Narnia,LensLogic,2023-05-18,1233352.95,False,Narnia_LensLogic,Thursday,True
Narnia,LensLogic,2023-05-25,1214775.12,False,Narnia_LensLogic,Thursday,True
Narnia,LensLogic,2023-06-01,756329.33,False,Narnia_LensLogic,Thursday,True
Narnia,LensLogic,2023-06-08,880698.81,False,Narnia_LensLogic,Thursday,True
Narnia,LensLogic,2023-06-15,1782494.75,False,Narnia_LensLogic,Thursday,True
Narnia,LensLogic,2023-06-22,1298930.39,False,Narnia_LensLogic,Thursday,True
Narnia,LensLogic,2023-06-29,1467665.17,False,Narnia_LensLogic,Thursday,True
Narnia,LensLogic,2023-07-06,619083.15,False,Narnia_LensLogic,Thursday,True
Narnia,LensLogic,2023-07-13,1134562.77,False,Narnia_LensLogic,Thursday,True
Narnia,LensLogic,2023-07-20,913110.56,False,Narnia_LensLogic,Thursday,True
Narnia,LensLogic,2023-07-27,1010349.43,False,Narnia_LensLogic,Thursday,True
Narnia,LensLogic,2023-08-03,741835.8,False,Narnia_LensLogic,Thursday,True
Narnia,LensLogic,2023-08-10,626753.03,False,Narnia_LensLogic,Thursday,True
Narnia,LensLogic,2023-08-17,800511.82,False,Narnia_LensLogic,Thursday,True
Narnia,LensLogic,2023-08-24,1004204.92,False,Narnia_LensLogic,Thursday,True
Narnia,LensLogic,2023-08-31,1315025.28,False,Narnia_LensLogic,Thursday,True
Narnia,LensLogic,2023-09-07,960529.55,False,Narnia_LensLogic,Thursday,True
Narnia,LensLogic,2023-09-14,1038267.89,False,Narnia_LensLogic,Thursday,True
Narnia,LensLogic,2023-09-21,1235434.58,False,Narnia_LensLogic,Thursday,True
Narnia,LensLogic,2023-09-28,2957992.11,False,Narnia_LensLogic,Thursday,True
Narnia,LensLogic,2023-10-05,1182707.88,False,Narnia_LensLogic,Thursday,True
Narnia,LensLogic,2023-10-12,1117079.58,False,Narnia_LensLogic,Thursday,True
Narnia,LensLogic,2023-10-19,1214479.21,False,Narnia_LensLogic,Thursday,True
Narnia,LensLogic,2023-10-26,1339532.5,False,Narnia_LensLogic,Thursday,True
Narnia,LensLogic,2023-11-02,1326134.67,False,Narnia_LensLogic,Thursday,True
Narnia,LensLogic,2023-11-09,1273771.38,False,Narnia_LensLogic,Thursday,True
Narnia,LensLogic,2023-11-16,1757786.52,False,Narnia_LensLogic,Thursday,True
Narnia,LensLogic,2023-11-23,1210014.28,False,Narnia_LensLogic,Thursday,True
Narnia,LensLogic,2023-11-30,1784446.56,False,Narnia_LensLogic,Thursday,True
Narnia,LensLogic,2023-12-07,1337036.67,False,Narnia_LensLogic,Thursday,True
Narnia,LensLogic,2023-12-14,2116473.1,False,Narnia_LensLogic,Thursday,True
Narnia,LensLogic,2023-12-21,1284550.16,False,Narnia_LensLogic,Thursday,True
Narnia,LensLogic,2023-12-28,551330.02,False,Narnia_LensLogic,Thursday,True
Narnia,LensLogic,2024-01-04,781852.34,False,Narnia_LensLogic,Thursday,True
Narnia,LensLogic,2024-01-11,1214243.64,False,Narnia_LensLogic,Thursday,True
Narnia,LensLogic,2024-01-18,1160345.99,False,Narnia_LensLogic,Thursday,True
Narnia,LensLogic,2024-01-25,1914659.03,False,Narnia_LensLogic,Thursday,True
Narnia,LensLogic,2024-02-01,1404582.47,False,Narnia_LensLogic,Thursday,True
Narnia,LensLogic,2024-02-08,1365497.4,False,Narnia_LensLogic,Thursday,True
Narnia,LensLogic,2024-02-15,1327955.31,False,Narnia_LensLogic,Thursday,True
Narnia,LensLogic,2024-02-22,1429688.33,False,Narnia_LensLogic,Thursday,True
Narnia,LensLogic,2024-02-29,3134259.33,False,Narnia_LensLogic,Thursday,True
Narnia,LensLogic,2024-03-07,1619950.87,False,Narnia_LensLogic,Thursday,True
Narnia,LensLogic,2024-03-14,1757887.97,False,Narnia_LensLogic,Thursday,True
Narnia,LensLogic,2024-03-21,1540795.59,False,Narnia_LensLogic,Thursday,True
Narnia,LensLogic,2024-03-28,2486010.88,False,Narnia_LensLogic,Thursday,True
Narnia,LensLogic,2024-04-04,1257455.64,False,Narnia_LensLogic,Thursday,True
Narnia,LensLogic,2024-04-11,1263181.79,False,Narnia_LensLogic,Thursday,True
Narnia,LensLogic,2024-04-18,1437296.05,False,Narnia_LensLogic,Thursday,True
Narnia,LensLogic,2024-04-25,1322382.78,False,Narnia_LensLogic,Thursday,True
Narnia,LensLogic,2024-05-02,1699011.72,False,Narnia_LensLogic,Thursday,True
Narnia,LensLogic,2024-05-09,296239.62,False,Narnia_LensLogic,Thursday,True
Narnia,LensLogic,2021-01-10,50131.39664659938,False,Narnia_LensLogic,Sunday,False
Narnia,LensLogic,2021-01-17,16643.578415743017,False,Narnia_LensLogic,Sunday,False
Narnia,LensLogic,2021-01-24,15253.527097474309,False,Narnia_LensLogic,Sunday,False
Narnia,LensLogic,2021-01-31,-201721.4819518514,False,Narnia_LensLogic,Sunday,False
Narnia,LensLogic,2021-02-07,-1381.200506981833,False,Narnia_LensLogic,Sunday,False
Narnia,LensLogic,2021-02-14,877.468557376694,False,Narnia_LensLogic,Sunday,False
Narnia,LensLogic,2021-02-28,415677.0389310972,False,Narnia_LensLogic,Sunday,False
Narnia,LensLogic,2021-03-07,11024.674372393323,False,Narnia_LensLogic,Sunday,False
Narnia,LensLogic,2021-03-14,162.79749975625873,False,Narnia_LensLogic,Sunday,False
Narnia,LensLogic,2021-03-21,5.91217926357639,False,Narnia_LensLogic,Sunday,False
Narnia,LensLogic,2021-03-28,162.79749975625873,False,Narnia_LensLogic,Sunday,False
Narnia,LensLogic,2021-04-04,17262.801050037375,False,Narnia_LensLogic,Sunday,False
Narnia,LensLogic,2021-04-11,2319.3708766019217,False,Narnia_LensLogic,Sunday,False
Narnia,LensLogic,2021-04-18,28473.68381711085,False,Narnia_LensLogic,Sunday,False
Narnia,LensLogic,2021-04-25,23839.159449174225,False,Narnia_LensLogic,Sunday,False
Narnia,LensLogic,2021-05-02,1868.7913683093025,False,Narnia_LensLogic,Sunday,False
Narnia,LensLogic,2021-05-09,8586.30065755977,False,Narnia_LensLogic,Sunday,False
Narnia,LensLogic,2021-05-16,44790.06154846118,False,Narnia_LensLogic,Sunday,False
Narnia,LensLogic,2021-05-23,69024.70383291265,False,Narnia_LensLogic,Sunday,False
Narnia,LensLogic,2021-05-30,9940.610570122244,False,Narnia_LensLogic,Sunday,False
Narnia,LensLogic,2021-06-06,11378.01562110691,False,Narnia_LensLogic,Sunday,False
Narnia,LensLogic,2021-06-13,877.468557376694,False,Narnia_LensLogic,Sunday,False
Narnia,LensLogic,2021-06-20,10414.338486204244,False,Narnia_LensLogic,Sunday,False
Narnia,LensLogic,2021-06-27,103615.6591529895,False,Narnia_LensLogic,Sunday,False
Narnia,LensLogic,2021-07-04,9046.018477862875,False,Narnia_LensLogic,Sunday,False
Narnia,LensLogic,2021-07-18,3009.6096305965702,False,Narnia_LensLogic,Sunday,False
Narnia,LensLogic,2021-07-25,44291.16,False,Narnia_LensLogic,Sunday,False
Narnia,LensLogic,2021-08-01,331363.6225284195,False,Narnia_LensLogic,Sunday,False
Narnia,LensLogic,2021-08-08,1633.85,False,Narnia_LensLogic,Sunday,False
Narnia,LensLogic,2021-08-29,52393.59,False,Narnia_LensLogic,Sunday,False
Narnia,LensLogic,2021-09-05,30525.00445801989,False,Narnia_LensLogic,Sunday,False
Narnia,LensLogic,2021-09-12,63798.15930311664,False,Narnia_LensLogic,Sunday,False
Narnia,LensLogic,2021-09-19,1000.5729976925828,False,Narnia_LensLogic,Sunday,False
Narnia,LensLogic,2021-09-26,12534.259189045726,False,Narnia_LensLogic,Sunday,False
Narnia,LensLogic,2021-10-03,5254.45,False,Narnia_LensLogic,Sunday,False
Narnia,LensLogic,2021-10-10,4570.691298326792,False,Narnia_LensLogic,Sunday,False
Narnia,LensLogic,2021-10-17,2718.9584803391617,False,Narnia_LensLogic,Sunday,False
Narnia,LensLogic,2021-10-31,102016.60658127068,False,Narnia_LensLogic,Sunday,False
Narnia,LensLogic,2021-11-07,6602.155149436103,False,Narnia_LensLogic,Sunday,False
Narnia,LensLogic,2021-11-14,32822.456068561616,False,Narnia_LensLogic,Sunday,False
Narnia,LensLogic,2021-11-21,-42454.03805737724,False,Narnia_LensLogic,Sunday,False
Narnia,LensLogic,2021-11-28,260.68399215694774,False,Narnia_LensLogic,Sunday,False
Narnia,LensLogic,2021-12-05,38086.25,False,Narnia_LensLogic,Sunday,False
Narnia,LensLogic,2021-12-12,18151.52194549728,False,Narnia_LensLogic,Sunday,False
Narnia,LensLogic,2021-12-19,4227.080196292966,False,Narnia_LensLogic,Sunday,False
Narnia,LensLogic,2021-12-26,-31559.5109981321,False,Narnia_LensLogic,Sunday,False
Narnia,LensLogic,2022-01-02,877.47,False,Narnia_LensLogic,Sunday,False
Narnia,LensLogic,2022-01-09,574.15,False,Narnia_LensLogic,Sunday,False
Narnia,LensLogic,2022-01-16,3873.72,False,Narnia_LensLogic,Sunday,False
Narnia,LensLogic,2022-01-23,24458.06,False,Narnia_LensLogic,Sunday,False
Narnia,LensLogic,2022-01-30,980.49,False,Narnia_LensLogic,Sunday,False
Narnia,LensLogic,2022-02-06,1472.2,False,Narnia_LensLogic,Sunday,False
Narnia,LensLogic,2022-02-13,6259.71,False,Narnia_LensLogic,Sunday,False
Narnia,LensLogic,2022-02-20,1124.1,False,Narnia_LensLogic,Sunday,False
Narnia,LensLogic,2022-02-27,-7769.12,False,Narnia_LensLogic,Sunday,False
Narnia,LensLogic,2022-03-06,5355.41,False,Narnia_LensLogic,Sunday,False
Narnia,LensLogic,2022-03-13,95.33,False,Narnia_LensLogic,Sunday,False
Narnia,LensLogic,2022-03-20,354.67,False,Narnia_LensLogic,Sunday,False
Narnia,LensLogic,2022-03-27,1130.4,False,Narnia_LensLogic,Sunday,False
Narnia,LensLogic,2022-04-10,3650.28,False,Narnia_LensLogic,Sunday,False
Narnia,LensLogic,2022-04-17,1173.62,False,Narnia_LensLogic,Sunday,False
Narnia,LensLogic,2022-04-24,21746.84,False,Narnia_LensLogic,Sunday,False
Narnia,LensLogic,2022-05-01,-938770.9,False,Narnia_LensLogic,Sunday,False
Narnia,LensLogic,2022-05-08,804.19,False,Narnia_LensLogic,Sunday,False
Narnia,LensLogic,2022-05-15,6893.54,False,Narnia_LensLogic,Sunday,False
Narnia,LensLogic,2022-05-22,446.15,False,Narnia_LensLogic,Sunday,False
Narnia,LensLogic,2022-05-29,751.0,False,Narnia_LensLogic,Sunday,False
Narnia,LensLogic,2022-06-05,19220.55,False,Narnia_LensLogic,Sunday,False
Narnia,LensLogic,2022-06-12,17499.51,False,Narnia_LensLogic,Sunday,False
Narnia,LensLogic,2022-06-19,3064.73,False,Narnia_LensLogic,Sunday,False
Narnia,LensLogic,2022-06-26,1332.24,False,Narnia_LensLogic,Sunday,False
Narnia,LensLogic,2022-07-03,883.93,False,Narnia_LensLogic,Sunday,False
Narnia,LensLogic,2022-07-10,1892.35,False,Narnia_LensLogic,Sunday,False
Narnia,LensLogic,2022-07-17,6310.42,False,Narnia_LensLogic,Sunday,False
Narnia,LensLogic,2022-07-24,504.82,False,Narnia_LensLogic,Sunday,False
Narnia,LensLogic,2022-07-31,518667.96,False,Narnia_LensLogic,Sunday,False
Narnia,LensLogic,2022-08-07,802.75,False,Narnia_LensLogic,Sunday,False
Narnia,LensLogic,2022-08-21,-4319.69,False,Narnia_LensLogic,Sunday,False
Narnia,LensLogic,2022-09-04,32404.72,False,Narnia_LensLogic,Sunday,False
Narnia,LensLogic,2022-09-11,10342.09,False,Narnia_LensLogic,Sunday,False
Narnia,LensLogic,2022-09-18,356843.35,False,Narnia_LensLogic,Sunday,False
Narnia,LensLogic,2022-10-02,3773.77,False,Narnia_LensLogic,Sunday,False
Narnia,LensLogic,2022-10-09,95.33,False,Narnia_LensLogic,Sunday,False
Narnia,LensLogic,2022-10-16,413.36,False,Narnia_LensLogic,Sunday,False
Narnia,LensLogic,2022-11-06,13123.12,False,Narnia_LensLogic,Sunday,False
Narnia,LensLogic,2022-11-13,11638.16,False,Narnia_LensLogic,Sunday,False
Narnia,LensLogic,2022-11-27,11486.27,False,Narnia_LensLogic,Sunday,False
Narnia,LensLogic,2022-12-04,1927.64,False,Narnia_LensLogic,Sunday,False
Narnia,LensLogic,2022-12-11,22620.32,False,Narnia_LensLogic,Sunday,False
Narnia,LensLogic,2022-12-18,25883.24,False,Narnia_LensLogic,Sunday,False
Narnia,LensLogic,2023-01-01,180153.06,False,Narnia_LensLogic,Sunday,False
Narnia,LensLogic,2023-01-08,116400.61,False,Narnia_LensLogic,Sunday,False
Narnia,LensLogic,2023-01-29,953.3,False,Narnia_LensLogic,Sunday,False
Narnia,LensLogic,2023-02-12,38254.81,False,Narnia_LensLogic,Sunday,False
Narnia,LensLogic,2023-03-05,13178.88,False,Narnia_LensLogic,Sunday,False
Narnia,LensLogic,2023-03-12,10005.21,False,Narnia_LensLogic,Sunday,False
Narnia,LensLogic,2023-03-26,44.62,False,Narnia_LensLogic,Sunday,False
Narnia,LensLogic,2023-04-16,11021.74,False,Narnia_LensLogic,Sunday,False
Narnia,LensLogic,2023-04-30,391691.28,False,Narnia_LensLogic,Sunday,False
Narnia,LensLogic,2023-05-14,8306.6,False,Narnia_LensLogic,Sunday,False
Narnia,LensLogic,2023-05-28,14672.43,False,Narnia_LensLogic,Sunday,False
Narnia,LensLogic,2023-06-25,9044.71,False,Narnia_LensLogic,Sunday,False
Narnia,LensLogic,2023-07-02,6640.65,False,Narnia_LensLogic,Sunday,False
Narnia,LensLogic,2023-07-09,3944.28,False,Narnia_LensLogic,Sunday,False
Narnia,LensLogic,2023-07-16,438.73,False,Narnia_LensLogic,Sunday,False
Narnia,LensLogic,2023-07-30,12928.06,False,Narnia_LensLogic,Sunday,False
Narnia,LensLogic,2023-08-27,6517.35,False,Narnia_LensLogic,Sunday,False
Narnia,LensLogic,2023-09-03,17225.94,False,Narnia_LensLogic,Sunday,False
Narnia,LensLogic,2023-09-24,14775.25,False,Narnia_LensLogic,Sunday,False
Narnia,LensLogic,2023-10-01,208544.24,False,Narnia_LensLogic,Sunday,False
Narnia,LensLogic,2023-10-22,1672.78,False,Narnia_LensLogic,Sunday,False
Narnia,LensLogic,2023-11-05,-105.78,False,Narnia_LensLogic,Sunday,False
Narnia,LensLogic,2023-11-12,667.31,False,Narnia_LensLogic,Sunday,False
Narnia,LensLogic,2023-11-19,123.26,False,Narnia_LensLogic,Sunday,False
Narnia,LensLogic,2023-12-03,1143.96,False,Narnia_LensLogic,Sunday,False
Narnia,LensLogic,2023-12-10,2320.95,False,Narnia_LensLogic,Sunday,False
Narnia,LensLogic,2023-12-17,2550.36,False,Narnia_LensLogic,Sunday,False
Narnia,LensLogic,2023-12-24,-7994.71,False,Narnia_LensLogic,Sunday,False
Narnia,LensLogic,2023-12-31,137070.65,False,Narnia_LensLogic,Sunday,False
Narnia,LensLogic,2024-01-21,7548.04,False,Narnia_LensLogic,Sunday,False
Narnia,LensLogic,2024-01-28,175.49,False,Narnia_LensLogic,Sunday,False
Narnia,LensLogic,2024-02-11,-2906.8,False,Narnia_LensLogic,Sunday,False
Narnia,LensLogic,2024-02-18,8835.38,False,Narnia_LensLogic,Sunday,False
Narnia,LensLogic,2024-03-03,-4370.49,False,Narnia_LensLogic,Sunday,False
Narnia,LensLogic,2024-03-10,5847.21,False,Narnia_LensLogic,Sunday,False
Narnia,LensLogic,2024-03-24,-3382.01,False,Narnia_LensLogic,Sunday,False
Narnia,LensLogic,2024-03-31,252284.5,False,Narnia_LensLogic,Sunday,False
Narnia,LensLogic,2024-04-07,922.97,False,Narnia_LensLogic,Sunday,False
Narnia,LensLogic,2024-04-14,4883.0,False,Narnia_LensLogic,Sunday,False
Narnia,LensLogic,2024-04-21,71.5,False,Narnia_LensLogic,Sunday,False
Narnia,LensLogic,2024-04-28,350.99,False,Narnia_LensLogic,Sunday,False
Narnia,LensLogic,2024-05-12,1009.63,False,Narnia_LensLogic,Sunday,False
